name,scores,address,mean_price,comment
鑫海汇海鲜烤肉火锅自助（立丰国际店）,3.9,碑林区金花南路6号立丰国际购物广场6层,57,24614
蝎王府羊蝎子（西稍门店）,4.9,莲湖区西稍门向北50米路东（开元商城对面）,58,9622
锡林阿玛冰煮羊（半坡·华夏·幸福里店）,5.0,灞桥区华夏·世纪广场华夏幸福里4楼,88,59
乔福记香菇面,4.9,未央区凤城九路与文景路十字向西50米,17,13341
云贵过桥米线（车城花园店）,5.0,高陵区车城花园东门南50米西安银行隔壁,15,6690
西安君乐城堡酒店·雅庭西餐厅,4.6,碑林区环城南路西段12号西安君乐城堡酒店（近南门广场）,89,2676
荣辉园自助火锅,3.3,未央区北大学城景家十字香槟国际底商2楼,37,2835
同福龙虾（曲江店）,4.2,雁塔区曲江新区曲江池东路1号万众国际商业中心下沉广场B01区,169,18
比格比萨自助（新世界时尚广场店）,4.9,莲湖区北大街新世界时尚广场3层001,55,24845
口口私房锅（立丰国际店）,4.9,碑林区东二环立丰国际公寓南隔壁立信公寓709室,59,513
天天爸爸的蛋糕店,3.6,未央区陕西省未央区恒大帝景二期11号楼2单元1层商铺,41,4
李记搅团（三桥店）,4.9,未央区沣东新城双拥路金桥国际,48,2697
乡村基（丈八北路店）,4.0,雁塔区丈八北路540号华润万家1楼,25,5310
蜀儿郎市井串串（西沣路店）,4.6,高新区西沣四路竹园阳光嘉苑南门西50米商铺,45,23
尚学社的理想书店,5.0,雁塔区陕西省西安市雁塔区科技路195号世纪颐园B座10201号,26,585
欧味轩艺术蛋糕,4.9,长安区南长安街樊家十字112号（人人家超市对面）,40,4430
农耕年华清真农家菜,4.8,长安区238乡道王曲街道西王曲村,60,13
盛秦阁泡馍,4.9,未央区红旗东路2号,29,2350
食色火锅（李家村店）,4.4,碑林区雁塔路北段李家村购物中心1栋1单元2410室（李家村购物中心旁边雅居酒店进）,60,1026
大福咖啡（都市之门店）,4.0,雁塔区锦业路都市之门D座东侧一层,24,7
澄城崇斌水盆羊肉（后宰门店）,4.9,新城区后宰门与北新街交叉口向西20米路南（筑梦幼儿园对面）,25,3467
千家粗粮王（凤城二路店）,4.8,未央区未央路125号第五国际A座3楼（近地铁图书馆站C出口）,64,28837
朝阳门涮肉·烤肉·江湖菜,4.9,新城区永乐路西口291号,64,2550
蘑菇爱上饭（小寨店）,4.6,雁塔区长安南路237号路东（西安音乐学院对面）,17,17537
金迈源自助涮烤王,4.2,碑林区咸宁中路华润万家旁（乐宁会购物广场4楼）,50,19413
鱼酷活力烤鱼（阳光城店）,4.9,长安区创业大道9号阳光天地商场三层03-07单元,69,2175
火焰山牛排海鲜自助美食汇（西市城购物中心店）,4.2,莲湖区劳动南路1号西市城购物中心B1楼,72,7173
花腰部落（陕师大店）,4.3,雁塔区师大路27号邮局东侧（邮局旁）,39,3181
御窑火锅串串香,4.3,碑林区永宁路大话南门小区5号楼商铺1-01,54,2138
澄城水盆羊肉（大寨路店）,3.8,雁塔区大寨路旭景碧泽园南门斜对面,21,3279
西安新兴温德姆酒店餐厅,3.5,新城区金花北路189号新兴温德姆酒店4楼,150,408
米浓蛋糕店（李家村店）,4.0,碑林区体育场北路体育场家属楼3号（近省体育场东门）,23,79
建国饭店·蓉园川粤坊,4.9,碑林区互助路2号建国饭店1楼,57,7557
聚珍园（南二环店）,3.9,碑林区南二环东段88号武警医院对面,38,681
龙虾十八香羊蝎子纸包鱼（凤城二路店）,4.8,未央区凤城二路岗家寨小区北苑门口,88,64
老刘家牛羊肉泡馍（立新街店）,4.9,莲湖区立新街27号（近八一街小学）,22,6738
M12铁板餐厅（赛格国际店）,4.9,雁塔区长安中路123号赛格国际购物中心7层,81,9389
易居小笼,4.0,未央区大明宫街道北二环长安易居24号楼,25,3144
姥家大锅台（太华路店）,4.4,新城区太华路银河坊小区一直向东紧临铁道八府庄园商业街二路（含元路新城法院紧临铁道口向北1000米八府庄园二楼）,56,117
江湖渔道,5.0,莲湖区梨园路蔚蓝生活广场12-1-0126,94,42
Giacomo's手风琴西餐厅（兴庆南路店）,4.9,碑林区皇甫路兴庆南路159号常春藤花园商业街3-1-7（常春藤商业街区西区南门）,57,3330
薛垻子重庆老味火锅（永松路店）,4.0,雁塔区永松路永松路5号大院,57,4148
Dirty Hertz 得体赫兹,4.5,雁塔区芙蓉西路90号商铺（花间堂·忆昔酒店内）,121,3
天台牛排主题餐厅,4.9,碑林区长安北路89号中信大厦27层顶西户,97,3082
金花豪生国际大酒店西餐厅,4.2,碑林区环城南路西段18号金花豪生国际大酒店内（南门）,115,1479
悦豪邻居美食K歌创造快乐（长安店）,4.1,长安区西长安街万科生活广场三楼,59,62
螺小胖柳州螺蛳粉（钟楼店）,4.9,碑林区碑林区端履门十字西南角钟楼书店背后云龙大厦1楼红色门头,12,11223
老徐记葫芦头泡馍店,3.7,新城区东六路与解放路交叉口（天顺大酒店对面）,15,3152
兰湘子.湘菜小炒（中贸广场店）,4.9,碑林区南稍门南关正街中贸广场餐饮楼二楼,50,948
李记搅团（丰庆公园店）,4.9,莲湖区丰登南路2号伟基大厦2F（丰庆公园西门对面）,44,3629
佛伦萨·古典火炉披萨（小寨店）,4.9,雁塔区兴善寺西街飞旋广场西南角派出所隔壁,63,1258
意料之中·披萨研究所（万和城店）,4.8,新城区西安市新城区长缨西路1号万和城购物中心四楼中厅（港式洋葱餐厅旁）,33,16
西安高新希尔顿酒店•咖啡露台西餐厅,4.9,雁塔区沣惠南路22号1楼西安高新希尔顿咖啡露台西餐厅,126,1835
川府锦绣（西荷花园店）,4.1,碑林区劳卫路西荷美食商业街北区2楼（近红星美凯龙）,49,384
上岛咖啡（东二环店）,3.9,碑林区韩森路9号（东二环互助路立交东北角）,53,3479
济州家韩国自助烧烤,4.6,雁塔区丈八三路绿地中央广场2层213号,62,2157
兰湘子·湘菜小炒（民乐园店）,4.9,新城区解放路111号民乐园万达广场5楼502-B503号,51,343
塞纳左岸咖啡（未央路店）,4.2,未央区未央路98号（西安市档案馆正对面，大明宫西站B出口向南50米）,56,4596
金三顺紫菜包饭（太奥广场店）,3.8,莲湖区沣惠路北段7号太奥广场7号楼2层,25,4368
悦豪美食k歌聚会馆（和平门店）,4.9,碑林区和平路10号,71,48
同盛祥（钟楼店）,4.6,莲湖区西大街5号（近钟楼）,57,13768
建国饭店中餐厅,4.9,碑林区互助路2号建国饭店1楼,102,124
美佳蛋糕（未央路凤城二路店）,5.0,未央区凤城一路岗家寨商业中街西排十二号,80,338
卡米乐西饼屋,4.8,长安区常宁大街何家营新村教院东门口向南30米,30,348
欧美特蛋糕,4.9,雁塔区丈八六路余家庄3排1号,42,691
锡林阿玛冰煮羊（大雁塔历史博物馆店）,4.8,雁塔区雁南一路与翠华路交叉口西北角玺岸广场三楼海底捞旁,85,250
麦香手擀面,3.8,未央区西咸路501号,14,331
东方宫兰州牛肉拉面,4.9,未央区凤城六路与未央路十字向西200米路南（维也纳酒店对面）,15,5005
福苗小骆驼烧烤（莲湖路老店）,3.4,莲湖区莲湖路莲湖公园北门对面长安银行东侧,86,23
帕帕亚Papaya意大利餐厅（南门店）,4.5,碑林区南关正街89号帕帕亚意大利餐厅3楼（SKP向南50米）,102,881
小六汤包（兴庆南路店）,4.9,碑林区兴庆南路159号快时尚商业街E号（近华润万家）,41,711
美佳蛋糕（钟楼东大街店）,5.0,碑林区南柳巷25号,80,176
清真·聚鲜阁威海海鲜私房菜,5.0,新城区长乐西路白马服饰广场A座2402室,74,1039
红透天自助涮烤（互助路店）,4.1,碑林区互助路26号2层,38,27455
太食獸泰式茶餐厅（赛格国际店）,4.9,雁塔区长安北路赛格国际购物中心七楼,109,264
山葵铁板烧,4.1,新城区北大街55号西华门十字东南角新时代广场2-3楼,95,6710
蜀渝香自助小火锅,4.3,雁塔区西安市高新区丈八街办甘家寨村东三排17号楼一单元一层门面房,22,1171
妙妙涮羊肉（高新店）,4.8,雁塔区科技六路中段橡树街区A座一层(中国联通对面),83,2074
豪上鲜文鱼庄,4.3,雁塔区锦业路与丈八三路交汇处东北角建设银行三楼,84,5484
锡林阿玛冰煮羊·烤肉（曲江大唐不夜城银泰店）,4.9,雁塔区大唐不夜城雁南二路与新唐人街十字曲江银泰城A馆4楼南侧,84,238
文老根米线（莱安逸境店）,4.4,雁塔区唐延路北段1号莱安逸境肯德基北20米路东,22,3411
Venus Cake 维纳斯蛋糕工坊（龙首村店）,3.8,未央区永福路北路祥福居底商,36,16110
5号酒馆,3.0,雁塔区兴善寺东街长安中路65号,88,5
猫咪餐厅（小寨店）,4.9,雁塔区兴善寺东街与长安中路交叉口金莎国际B座1011,52,8833
上岛咖啡（龙首店）,4.1,莲湖区龙首北路西段虹桥雅轩A座门面房,74,4147
美牛美客牛排餐厅,4.4,灞桥区思源学院商业街润华超市二楼,20,16
邢记·牛排咖啡,4.0,未央区凤城一路西段明光路与文景路之间海璟台北湾南区（邢记烧烤三楼）,52,490
月红仟禧自助涮烤（红旗店）,3.8,未央区风城八路卜蜂水晶卡芭拉西区2楼,45,18776
披着猫·猫咖,5.0,雁塔区慈恩东路10号通善坊商铺（儿童需满十二周岁）,52,28
胡记私房菜（魏家湾店）,4.1,未央区凤城九路东口老魏家湾西南角二楼,41,291
保尔森自助海鲜烧烤,4.0,未央区未央路68号时代明丰苑2楼,50,36888
长安大牌档之长安集市（赛格旗舰店）,4.4,雁塔区小寨东路赛格国际购物中心6楼西北角,50,12443
唐乐宫二十四节气调养火锅,4.5,碑林区长安北路75号唐乐宫,107,1155
糊涂记（新城广场店）,4.9,新城区南新街8号路西,41,8285
量贩式演艺餐吧SEXY,4.9,碑林区南稍门中贸广场,100,22
戴琳娜法国餐厅,4.7,莲湖区未央路27号龙首十字东南角荣民广场宫园壹号2801(陕西省商业联合会门口进)（龙首塬地铁C口）,70,3901
德国赫佰仕啤酒餐厅,4.9,雁塔区高新4路16号，西安万豪行政公寓1层（朗臣公寓）,90,106
麻门匠骨秘制羊棒骨（大寨路店）,4.8,雁塔区大寨路与丈八北路交口东北角人人乐北20米,80,78
润雨·尚品海鲜大闸蟹,4.3,碑林区友谊西路155号陕西省邮票公司办公楼5幢2楼西第四间,51,1260
味一米线（土门华东店）,4.3,莲湖区土门制药厂十字华东万锦城4楼,20,3230
雁鸣烤肉坊（大唐芙蓉园店）,3.5,雁塔区芙蓉南路大唐芙蓉园南门B16号曲江书城正对面,76,5
百富烤霸（西京医院店）,4.9,新城区长乐西路15号西京医院大门东侧双鱼商城1楼（民生银行旁）,16,9505
长安雅集大厦餐厅,4.7,雁塔区长安南路84号长安雅集大厦内（与陕西社会主义学院同院）,45,406
窄巷子陕菜馆（粉巷店）,4.4,碑林区粉巷20号,46,1509
伯爵工房蛋糕（凤城三路店）,4.2,未央区凤城三路东段百花家园10号楼底商公交站牌处（四海唐人街北门）,30,5502
傻得冒冒菜香锅,4.4,莲湖区天朗大兴郡蔚蓝锦城10号楼，大兴医院斜对面（金芙蓉旁）,19,800
好口福私房菜,3.9,未央区太元路华远君城3幢1单元10212室,42,429
眉州东坡（金地广场店）,4.4,雁塔区曲江池东路999号金地广场3层,59,1523
蓉一锅豆花串串火锅,4.9,灞桥区金裕青青家园（西区）,36,53
禧旺自助涮烤（胡家庙店）,3.7,新城区东站路12号万源文体城5楼（长缨宾馆向北50米路西）,48,10104
道口烧鸡,4.7,莲湖区星火东巷与星火路交叉口旁,18,125
XOXO酒吧,4.6,雁塔区龙城铭园二期,50,17
呱呱叫民俗风味主题餐厅,4.7,长安区210国道中石油加油站斜对面路东（沣峪口环山路转盘往南）,68,406
麦香蛋糕,4.6,未央区西安工业大学未央校区东门苏席村15排3号,30,1630
XOXO酒吧,4.6,雁塔区龙城铭园二期,50,17
东来顺（交大店）,4.9,碑林区南二环与兴庆路十字东北角出版传媒大厦一层105室,69,8758
建国饭店绿茵阁咖啡厅,4.7,碑林区互助路立交2号建国饭店绿茵阁咖啡厅（近互助路立交桥）,123,1587
徽興記黄山臭桂鱼（曲江银泰城店）,4.4,雁塔区雁塔南路银泰城B馆3楼,73,35
馋莱客炸鸡汉堡（海棠店）,4.1,灞桥区狄寨大学城商业街2号,16,327
甜酷·星期五cake工坊（钟楼店）,4.9,莲湖区甜水井街双仁府3号楼6栋00114号（艺术幼儿园往西100米）,60,792
川寨子麻辣香锅冒菜（民乐园万达广场店）,3.5,新城区解放路111号民乐园万达广场5楼,35,2
苏福记（凤城三路店）,4.4,未央区未央路与凤城三路十字向西100米路南（市图书馆）,47,5150
Jane's garden 简的花园牛扒屋（简的花园）,4.4,碑林区太白路立交西北角人民法院隔壁丰润国际8楼观光电梯直达（南二环太白路立交近怡丰城向北50米）,88,2369
锡林阿玛冰煮羊（钟楼银泰店）,4.9,碑林区西大街鼓楼对面银泰百货6层（地铁二号线钟楼站C口向西286米）,90,323
怡咖啡·自助餐（香格里拉大酒店）,4.1,雁塔区科技路38号乙香格里拉大酒店1层,170,840
红透天自助涮烤（土门店）,4.1,莲湖区汉城南路旭景新港华东万锦城购物中心4楼（制药厂）,45,19751
金洲美食·浔味陕南,4.0,雁塔区科技四路万科金域店,72,1
彼德西餐（凯德店）,4.3,雁塔区二环南路西段64号凯德广场4楼4-19,84,4085
爱心蛋糕坊,5.0,鄠邑区人民路人人乐超市北侧巷内（朱雀广场东门里同一药店南侧）,45,1571
白小宝烤肉店,4.0,新城区民乐园南区(尚勤路)231号,30,18
红透天自助涮烤（大寨路店）,3.8,雁塔区大寨路与丈八北路交叉口东南角（新乐城3楼）,43,23801
锦唐印象（纺织城店）,4.9,灞桥区纺北路阳光时代B座1-2层（堡子村转盘向东150米路北）,58,16665
Time Cake时光纪蛋糕,5.0,雁塔区春临三路凯旋新天地2层120号,159,38
小肥羊（小寨金莎国际店）,4.9,雁塔区长安中路65号金莎国际购物广场5层,73,6767
储缘蛋糕（十里铺店）,4.9,灞桥区十里铺北路与华清东路交叉口向东100米路南凯森福景美地,44,954
稀罕妳泥炉烧烤,4.3,雁塔区唐延路北段59号唐延鑫苑3号楼一层（锦都小区南门对面）,93,78
横城韩牛一韩式烤肉炸鸡（民乐园万达店）,4.9,新城区解放路111号五路口东南角万达广场5层西北角2号电梯旁,82,6147
李记搅团（东关正街店）,4.9,碑林区东关正街66号世贸大厦B座2层西室（东门外人人乐对面）,44,2028
锦翔炝锅城（五路口店）,4.9,新城区尚勤路纺织大厦59号,47,52419
王府川菜馆,4.9,新城区尚德路190号（尚德路与西七路交叉口圣和医院南30米）,28,483
羊瑞堂铁锅羊肉（未央路旗舰店）,4.4,未央区未央路万象未央109号一层,81,2645
皇冠假日酒店·朱雀咖啡厅,4.0,碑林区朱雀路中段1号西安皇冠假日酒店一层（省体育场西门）,142,573
千家粗粮王（小寨店）,4.1,雁塔区小寨东路国贸大厦4楼,67,53724
千家粗粮王（东大街店）,4.3,碑林区东大街骡马市北口向东150米3楼（西北金行楼上、近民生）,61,44444
李想大虾火锅花园（郭杜店）,3.7,长安区郭杜东街郭杜老十字西北角东街广场二楼,57,8575
长安大牌档之西游漫记（大悦城店）,4.1,雁塔区慈恩西路777号大悦城L3-01号铺,72,39
鸭掌门（青龙寺店）,3.6,雁塔区西影路209号纯翠花园小区2楼,58,3125
曼岛咖啡,3.8,雁塔区小寨路街道吉祥路168号豪盛时代华城一二层（西安银行旁）,54,2503
大厨小馆（阳阳国际店）,4.2,雁塔区朱雀大街132号阳阳国际2F（交大一附院对面）,58,297
烤什么名堂·陕菜·烧烤（西门店）,4.3,莲湖区南马道巷与西梆子市街交叉口东南角,55,3520
西安烤鸭店（西荷店）,3.7,碑林区劳卫路中段1号西荷花园商业街,70,1238
重庆无刺纸包鱼,4.5,未央区武德路科大时代广场,50,10
西部马华食府（含光路店）,4.3,雁塔区含光路南段与崇业路交叉口西北角,40,3743
上善素食馆,4.9,碑林区东关正街9号幸福逸家,61,296
鱼酷活力烤鱼（老城根店）,4.5,莲湖区星火路22号老城根Gpark商业街区西区方所二楼,90,6
古都·金麦西饼屋,4.4,灞桥区骞柳商业街北口第一家2排17号（3号楼）,25,986
赛纳维红酒餐厅,4.9,雁塔区丈八一路绿地SOHU同盟B座208室,65,95
荣宴·中餐厅,4.5,雁塔区高新二路与科技二路交叉口东南角东丹轩梓园北门（农业银行二楼）,1686,2
尚克拉拉牛排（钟楼店）,4.0,碑林区东大街508号西安西北眼镜行三层,79,12210
康桥酒楼,4.5,碑林区咸宁西路28号交大一村康桥服务大厦二楼,53,508
顺水鱼馆（高新路店）,4.5,雁塔区高新路与科技四路十字东南角，枫林绿洲西门向北走150米,65,2115
茶见小院,4.4,未央区文景路白桦林居商业街3楼（市政府西门对面）,61,133
江城小馆陕南妈妈菜·全球旅行餐厅（长安地标老店）,4.4,碑林区西木头市51号联邦中航酒店1楼（荣获2018/2020大众点评双料必吃榜上榜餐厅，南大街西木头市口右转）,43,2243
长安大牌档之凤舞朝阳（朝阳门店）,4.2,新城区环城东路北段益田假日世界购物中心1-2层,57,1657
朱雀国家森林公园,4.0,鄠邑区南部东涝河上游秦岭梁北侧（鄠邑区涝峪八里坪村）,102,2625
川渝人家（海韵店）,4.6,未央区经济技术开发区未央路149号亚凯园1-3层,48,580
粤港饭店,4.4,未央区浐河东路自然界城墅13号楼商铺,79,7
拉菲达牛排自助（赛格国际店）,3.7,雁塔区长安中路123号赛格国际购物中心7层（与小寨东路交叉口东北角）,57,19229
清真·老兰家（兴善寺西街总店）,4.3,雁塔区兴善寺西街101号（好家商务酒店楼下）,46,1853
秦西坊餐厅,4.3,莲湖区西市一路和西市南路交汇处南20米,60,9
豪客来牛排（唐延中心城店）,4.9,莲湖区唐延路168号唐延中心城1层,57,2040
陇海净和川菜,4.7,新城区解放路306号陇海大酒店2楼,47,599
宁厨家饭,4.6,未央区梨园路和生国际西行100米,40,1127
西安中兴和泰酒店,4.7,高新区高新区唐延南路10号（唐延南路与南三环十字南300米路西中兴产业园）,477,454
园园果业,4.9,新城区联志路联志小区（临潼区骊山826）,10,51
大叔牛排店,4.8,莲湖区西稍门丰镐东路与劳动南路交叉口西南角360号柠檬宫舍24楼2401号（三度汇馆大楼上，大门朝西方向）,45,757
吉鸡记板栗大盘鸡,4.2,雁塔区曲江龙湖星悦荟三层,35,22
麦当劳（西安长乐路店）,4.1,新城区长乐西路218号西北商贸B1楼,33,176
清真·穆巴拉克西餐厅（回民街店）,4.8,莲湖区庙后街19号（庙后街小学东行100米）,50,3835
外婆印象（西工大店）,4.6,碑林区友谊西路与白庙路交叉口东南角人人乐2楼（人人乐停车场入口进）,40,1457
HLS小酒馆（太和广场店）,4.9,碑林区骡马市南柳巷太和广场2层,21,5329
卡瓦咖啡·酒吧,4.2,未央区凤城九路文景小区西区南门底商（明光路派出所正对面）,40,75
柴门陕南本土家菜（大雁塔店）,4.9,雁塔区雁塔南路南广场新乐汇A6区,58,1390
皇家蛋糕（一店）,4.7,周至县中心街（烟草局向东50米）,35,816
阳澄湖大闸蟹（澄宝店）,4.3,碑林区朱雀大街北段179号,46,57
水中天茶十食（高新店）,4.3,高新区高新一路9号富德大厦一楼,146,26
鼎香食府,3.9,新城区长乐中路126号沣华国际酒店8楼（近长乐路）,58,664
清真拉菲尔鱼莊,4.0,莲湖区许士庙街教场门59号布丁酒店旁边,49,1149
百富烤霸（小寨汉唐店）,4.2,雁塔区长安中路89号汉唐书城1楼,18,13305
莱茵河中西餐厅,3.9,鄠邑区草堂路3号,45,1771
洛可可蛋糕坊（紫薇田园都市店）,5.0,雁塔区高新区细柳街办紫薇田园都市B区8号楼4单元102号,88,602
天龙宝严素食馆（大兴善寺店）,4.0,雁塔区兴善西街55号路北大兴善寺内,42,584
麦香诚蛋糕（周至八云塔店）,5.0,周至县八云塔辣子街往北新商业街西口（新商业街西口往北10米、袁师傅肉夹馍斜对门）,20,1716
澳美徕·花胶鸡火锅（高新万达店）,4.9,雁塔区科技七路与唐延路交叉口万达广场4楼,73,1555
迈德思客（纺织城店）,4.1,灞桥区纺织城正街416号（三方超市对面）,16,3707
80后陕西特产超市（大雁塔店）,4.9,雁塔区雁塔北路南段永丰酒店一层北侧（大雁塔地铁站F口出口处）,93,84
汉堡王（西安凯德新地店）,4.7,"雁塔区二环南路西段64号,凯德广场.新地城01层01-09B号",32,1373
捷客比萨（临潼店）,3.8,临潼区会昌路与秦陵北路交叉口东南角（近华润万家）,35,2370
桑记重庆老灶王串串香,4.9,雁塔区电子一路西段18号西部电子商业步行街1层129-1号商铺,52,1362
悦豪云顶自助餐厅,3.7,雁塔区二环南路西段180号（近高新三路）,91,429
西安天骊君廷大酒店·赛纳宫西餐厅,4.9,雁塔区太白南路198号（科技二路口）,67,520
大唐西市酒店,4.6,莲湖区劳动南路118号西市五坊（大唐西市文旅景区内、近大唐西市博物馆）,118,386
大海子陕菜小寨店,4.2,雁塔区兴善寺西街小寨百盛飞炫购物广场,49,1526
普素茶房（文艺路店）,4.2,碑林区建西街138号（近文艺北路）,56,156
华莱士·全鸡汉堡（阎良店）,3.8,阎良区胜利街南段16号（近凯利金店）,15,5079
福苗小骆驼烧烤（大华1935店）,3.4,新城区太华南路大华1935内（近太华路大明宫公园东南对面）,85,1370
睿德居酒楼,4.9,新城区东五路与顺城东路北段交叉口西北角（近朝阳门）,59,366
徽興記黄山臭桂鱼（桃园路店）,4.4,莲湖区桃园南路38号,101,29
大香港酒楼（国宾店）,4.2,碑林区环城东路中段1号（近大东门）,73,339
567大连海鲜旅大码头海鲜（锦业路店）,4.9,雁塔区锦业路76号文化创意园SOHO空间第2幢1单元1层10101号,77,1950
福苗小骆驼烧烤（太奥广场店）,3.8,莲湖区丰禾路太奥广场4号楼3楼（西二环与丰禾路交叉口）,83,821
星期八工坊,4.9,长安区韦曲青年街88号,50,612
西安西藏大厦开元名都大酒店自助餐厅,4.0,碑林区友谊东路333号,128,671
川渝小渔哥,4.7,长安区青年北街与文化街路口东北40米,30,22
金香缘云南过桥米线,4.5,灞桥区田洪正街路家湾小区（18层对面）,19,1058
站前猪蹄&家常炒菜,4.9,新城区长乐中路九街坊3号楼106号,39,414
小蛮子纸包鱼（沙井村北口店）,4.2,雁塔区科创路沙井村四组,39,1870
美佳蛋糕（玉祥门大兴路店）,5.0,莲湖区习武园12号,80,340
葡庭餐厅,4.8,未央区凤城八路与文景路十字西北角（往北350米路西）,65,3132
小六汤包（印象城购物中心店）,4.5,未央区未央路33号与龙首北路交叉口东北角印象城购物中心B1楼,27,371
月食海鲜小馆,4.8,新城区东二路与尚勤路交口西行20米路南,90,215
北家姓转转小火锅,4.5,鄠邑区大十字向北200米，烟草局隔壁,39,852
久龍坡纸包鱼,4.9,雁塔区丈八三路绿地世纪城饕界停车入口向东200米二楼处（靠近畵臻楼处）,47,405
山海臻鲜火锅,3.5,雁塔区高新一路天公大厦一楼内侧,100,2
煌上煌自助小火锅（长大店）,4.9,未央区草滩一路长乐购物中心2楼,28,595
安旗（钟楼店）,4.7,鄠邑区西街钟楼西南角人人家购物广场一楼门面,51,992
小武烤肉,5.0,周至县南新街与中心东街交叉口南行80米路西,40,51
奥赛奥章鱼水煎肉,4.9,碑林区东大街骡马市1号民生百货6层,53,3487
北京羲和雅苑烤鸭坊（熙地港店）,4.7,未央区凤城七路未央路口熙地港4层（行政中心站地铁B3口）,86,1332
川西豆皮涮牛肚火锅,3.5,未央区学府东路学府公寓3楼,50,9
俄士厨房（吉祥路店）,4.9,雁塔区吉祥路168号,78,4572
咪咪川菜（白桦林居店）,4.9,未央区西文景路88号白桦林居东门D栋88号（近凤城八路）,35,522
马虎面馆（翠华北路店）,3.5,雁塔区雁塔区翠华北路353号,18,4
勇利赵家烤肉坊（纬二街店）,5.0,雁塔区纬二街世纪经典大厦1楼,50,14644
川坝子老灶火锅（航天店）,3.6,长安区凤栖东路韦曲福泽巷三楼,66,932
旺袁记神仙酸汤鱼,4.5,雁塔区枫林路禾盛京广中心（t11商场3F西北角）,79,35
莱卡味道,4.9,未央区文景路与凤城七路十字向西200米路北（龙东国际酒店一楼）,30,120
秦人街西北菜,4.6,未央区凤城九路海荣名城小区裙楼二层10204A座,63,281
福苗小骆驼烧烤（凤八店）,4.4,未央区凤城八路123号地铁四号线文景路站A口出,86,5
老狼大盘鸡,4.3,鄠邑区政法路与北街交叉口公安局向西50米,25,454
二掌柜水盆羊肉（水文巷店）,4.9,碑林区张家村街道水文南巷北口路西（陕西省人民医院旁）,20,781
洛可可蛋糕坊（交大店）,5.0,碑林区兴庆南路学府首座9号楼1层10104号西户,74,959
永刚烤肉（临潼店）,5.0,临潼区人民西路博爱医院隔壁,47,3721
米斯特比萨（金辉店）,3.8,莲湖区唐延路北段22号（金辉国际广场1层11-12室）,67,777
粤西渔村,3.5,莲湖区梨园路御园温泉小区D区七号楼一楼西北角,110,1
小阿妹米线（凤城一路店）,4.9,未央区凤城一路与未央路交叉口西行100米路南（芳馨园小区底商）,23,6175
方燕烤猪蹄烧烤（长安广场旗舰店）,4.1,长安区广场北路圣合家园一期紫鑫阁饭店向南50米,10,21791
爱尚伯爵（泾渭店）,3.9,高陵区泾渭路与泾环南路交叉口东北角,27,4594
东东包（交大店）,3.9,碑林区兴庆南路89号启光大厦1楼,15,5086
好享龙虾,3.7,碑林区咸宁西路62号陕煤招待所院内,123,32
2068香辣虾（电子正街店）,3.7,雁塔区电子正街231号,58,9679
牛一嘴·中国兰州牛肉拉面（财富中心店）,3.9,雁塔区南二环西段财富中心A座一层南侧（近高新二路）,15,7178
洛可可生日蛋糕坊（城市立方店）,5.0,雁塔区朱雀大街南段华城万象2期5号楼,69,1063
小锅无界（新世界店）,4.2,莲湖区北大街88号（宏府嘉会广场新世界百货负二楼）,46,4228
王华峰潼关肉夹馍（太元路店）,4.1,未央区太元路，华远君城4-101号,16,2026
Route 就现在蛋糕（线上店）,4.4,碑林区地铁3号线咸宁路站c口向南150米,68,4
2068香辣虾（全国总店）,4.0,未央区未央路69号华迪大厦1-2层,66,11839
欧巴来了韩式料理,4.5,雁塔区兴善寺东街83号（小螺娃隔壁）,34,20602
老城味道,4.2,未央区鱼藻东路水晶卡芭拉小区北门东行50米,19,18541
大城小鸡黄焖鸡排骨米饭(非外卖)（新城总店）,4.2,新城区尚俭路470号卫民社区团结楼一号楼二号,18,5178
美佳蛋糕（小寨赛格大雁塔店）,5.0,雁塔区长安中路小寨村89号,80,281
聚丰苑北京烤鸭店（龙首北路店）,3.7,未央区龙首北路西段27-17号,51,2098
五谷香自助涮烤火锅（青年南街店）,3.8,长安区青年南街菲特主题酒店南10米,37,14355
疯狂的棒棒•撸串公司火锅,3.5,未央区富源三路秦东大厦南侧（和平商场1楼）,60,1
麦之香蛋糕（友谊东路店）,3.9,碑林区测绘东路李家分村8号,33,3665
汉釜宫韩式烤肉（临潼店）,4.0,临潼区万年路6号,35,4844
Merrykin麦里金（美院专卖店）,4.4,雁塔区雁塔西路254号（美术学院东门对面）,19,4862
老车家牛羊肉泡馍馆（大差市店）,4.5,碑林区东羊市6号（马厂子十字东南角）,24,7300
瓦库30号（曼蒂广场店）,4.5,雁塔区雁南一路曼蒂广场南门东侧一、二楼,136,3
瑞可爺爺的店（赛格店）,4.7,雁塔区长安中路小寨赛格国际负二楼,30,38229
0057香辣虾（小寨店）,3.6,雁塔区长安中路众邦投资4楼（小寨赛格北50米，天桥东侧，海港城南面）,50,12578
慧莹农家乐,3.5,长安区太乙宫街道杏园村905路停车场对面,23,1
黄品煌三汁焖锅（东大街店）,4.1,新城区东大街民生对面第七感觉三楼（案板街口东20米）,38,12300
味都西饼店（华美店）,4.5,长安区华美十字木材公司综合楼下（近北里王骨科医院）,15,10286
小蛮子纸包鱼（电子四路店）,4.3,雁塔区电子四路东口建设银行西侧,49,3775
鑫和炝锅鱼（梨园路店）,4.0,莲湖区梨园路蔚蓝悦城第1幢1单元10103号房,51,3322
还是串串火锅,4.2,碑林区顺城南路25号,80,9
飞鹿餐饮,4.9,莲湖区莲湖路323号飞鹿商务酒店内（近玉祥门）,49,5416
和福顺养生焖锅（长百店）,4.4,长安区韦曲北街长百新市广场三楼,58,16463
洛可可蛋糕坊（行政中心店）,4.9,未央区凤城八路雅荷城市花园北门往东100米,81,1501
唐乐宫-法兰西百谷特面包屋,4.5,碑林区长安北路75号唐乐宫大厅内,28,5326
王魁腊汁肉夹馍（柿园路店）,3.9,碑林区柿园路兴庆公园北门车站往东行路南,13,2189
洛可可生日蛋糕坊（胡家庙店）,5.0,新城区长缨西路75号,45,356
老北京烤鸭（东厅门店）,4.1,碑林区东县门11号第8中学往西150米路北（如家酒店斜对面）,36,1533
上岛咖啡（凤城四路店）,3.9,未央区凤城四路与明光路十字世融嘉城,58,4551
洛可可生日蛋糕坊（三桥店）,5.0,未央区三桥拥军路天玺国际侧面底商（菜鸟驿站往里走）,50,1267
金瑞坊炝锅鱼,4.3,长安区韦曲广场北路美林幼儿园南50米固美口腔一楼（圣合家园二期西门北侧10米）,38,4989
清真食尚旋转自助火锅,4.2,莲湖区麦苋街88号,31,4082
洛可可生日蛋糕坊（龙首印象城店）,5.0,未央区未央路印象城1号楼1701号,72,2868
菜客·陕菜,3.9,莲湖区小南门里十字西北角向西20米路北（中汇会计大厦一楼）,41,7078
千福聚北京果木烤鸭（丰登路店）,4.7,莲湖区丰登西路与丰登南路交叉口西北角路北,26,2629
小蚂蚁海鲜烧烤,4.7,碑林区碑林区竹笆市中环广场B座105号,58,15
维克蛋糕（西稍门店）,3.8,莲湖区西稍门西关正街28号,44,1031
熙裕阁中国兰州牛肉拉面馆,4.3,新城区北关正街9号熙裕阁（西安大唐医院北邻）,10,14497
兰州马子禄牛肉面,4.3,未央区凤城三路与文景路十字向西200米路北（明光路和文景路中间）,22,5950
三顾香牛羊肉泡馍（凤城六路店）,4.2,未央区未央路与凤城六路十字向东50米路（银池丽舍旁）,29,4804
三原老黄家（文艺路店）,3.8,碑林区文艺路天伦盛世5楼（友谊东路口向东200米）,51,1038
毛记冒菜（高新店）,4.3,雁塔区大寨路与丈八北路交口东北角人人乐出口（大寨路公交站牌旁）,16,2623
大秦山庄,3.5,长安区子午峪西村（小五台）,61,4
清真渔坊秘制烤鱼,4.9,莲湖区洒金桥中段44号（清真古寺正门北行5米路西原尚捞自助火锅）,40,2732
第一佳大鸡排（长安广场店）,4.3,长安区广场北路长安广场华润万家一楼4铺,14,2848
啊布串串火锅,3.0,雁塔区曲江林语,40,1
北京涮羊肉,3.9,雁塔区小寨西路子午路十字向北200米路西（美豪酒店楼下）,39,6891
迈德思客（潘村店）,4.3,灞桥区弘知路潘家村寨门里头50米（近海棠学院）,10,5931
福苗小骆驼烧烤（曲江店）,4.1,雁塔区雁南一路154号曲江通泰左岸二层,84,1187
龙腾火锅（泾渭店）,4.1,高陵区泾河工业园区西营十字向南200米路西（近长庆西路）,66,6165
ccake蛋糕（高新店）,4.9,雁塔区高新路甘家寨西二排一号楼四单元,61,2619
福苗小骆驼烧烤（高新店）,4.3,雁塔区团结南路响塘广场对面路东（中建群贤汇旁边）,91,1691
挞挞家秘汁焖锅（立丰店）,4.4,碑林区东二环路立丰国际购物广场6楼,47,2253
臻膳轩自助涮烤城,3.9,长安区北长安街123号（地铁2号线航天城向北100米北站十字）,40,6378
洛可可生日蛋糕坊（太华南路店）,5.0,新城区太华南路银河坊民族小区24-0104号商铺（中天爱幼幼儿园对面）,79,747
姚家闻香铁锅炖（纺一路店）,4.2,灞桥区纺一路东段灞桥分局斜对面（唯真楼隔壁）,44,2334
玉肠香葫芦头泡馍,3.9,未央区龙首北路西段51号,21,7678
安妮贝可生日蛋糕（南稍门店）,5.0,碑林区四民巷55号,45,328
爱尚蛋糕,3.9,未央区凤城五路西安中学南门对面海璟时代,37,3171
张记老蒲城羊肉,4.2,未央区凤城三路与明光路十字向东200米路北（文景公园北门斜对面）,38,3014
萤初炉端烧（四海唐人街分店）,4.5,未央区太华北路26号四海唐人街,200,18
天下第一面（大雁塔北广场店）,4.9,雁塔区小寨东路8号（大雁塔北广场慈恩镇旁）,40,4908
王锦记冒菜香锅（陕科大店）,3.9,未央区陕科大时代广场1号楼1层78-2号,19,2424
洛可可生日蛋糕坊（土门店）,5.0,莲湖区团结四路18号北户,80,717
玲祥大盘鸡,5.0,临潼区行者路石油城西门向北100米（临潼福瑞汽修斜对面）,32,503
福气焖锅烤肉,4.4,雁塔区小寨东路126号百隆广场B座10层A室（华驿精选酒店乘电梯）,35,1103
锡林阿玛冰煮羊（汉神广场店）,4.9,未央区凤城八路汉神购物广场5层,84,221
安旗西点（蓝田店）,3.8,蓝田县近郊蓝新路南段与新民街西段交叉北70米路西（农业银行对面）,13,1574
干锅居（电子正街店）,3.7,雁塔区电子正街128号,54,4039
渝香楼,3.0,鄠邑区鄠邑区人民路春蕾什子北200米路西,50,3
喵星人的猫咖啡,4.9,雁塔区电子正街怡兴大厦5F（紫薇城市花园对面）,41,1086
北京烤鸭（徐家庄店）,4.6,雁塔区科创路162号,46,1736
洛可可生日蛋糕坊（民乐园店）,5.0,新城区解放路皇城壹号1-02号商铺（新城区公证处旁边）,56,903
北京烤鸭（长缨东路店）,4.4,新城区长缨东路146号（长缨酒店对面）,54,2200
阿姨奶茶专卖（小寨店）,4.9,雁塔区长安中路177号海港城一层J-23,8,822
洛可可生日蛋糕坊（西稍门店）,5.0,莲湖区五一巷75号A6商铺,84,397
闻道听香火锅,4.4,雁塔区电子正街与电子四路丁字路口向西200米路南，金磊大兴坊小区西侧二楼,58,2645
伊诺仕蛋糕,4.7,雁塔区兴善寺西街91号（新家坡小区）,73,3397
土耳其卡巴布清真餐厅（西安店）,4.3,雁塔区长安南路2号雁塔文化新天地西侧（近纬二街博纳电影院东侧）,41,2276
云南过桥米线（解放路店）,3.7,新城区解放路45号,24,7188
洛可可蛋糕坊（半坡店）,5.0,灞桥区堡子村纺建路东辰濠景一层门面房,66,1204
金皇冠蛋糕,4.8,未央区建章路与花园西街交叉口西北角（三棵树超市对面）,50,2652
桥头米线涮牛肚,4.3,碑林区长乐坊22号,15,1307
洛可可生日蛋糕坊（小寨店）,5.0,雁塔区吉祥村商业街B13号（御笔华府十字路往南100米路西）,74,591
臻味醉淡泊铜锅涮肉（含光门店）,4.5,莲湖区火药局巷29号（含光门里西侧100米）,90,1214
三姊妹香辣土豆片夹馍（海港城店）,4.4,雁塔区长安中路177号海港城B1层,6,4122
贝尔莉莎艺术蛋糕（全国总店）,5.0,未央区龙首北路祥福居小区北门底商,129,661
ME CAKE蛋糕·西点,4.2,莲湖区汉城北路150号雅卓花园10-1-101,77,2375
莲花餐饮（高新店）,4.9,雁塔区高新路南段89号（近云顶园小区）,61,1132
维也纳咖啡,4.1,未央区凤城八路与文景路十字路口向西200米,52,737
马有才牛肉拉面,4.4,未央区未央路与凤城六路十字向东100米路北,12,10994
悦宾楼（半坡艺术区店）,3.0,灞桥区半坡地铁口向南300米半坡国际艺术区东北门入口一楼,50,1
香客源自助火锅城（八府庄园店）,3.6,新城区含元路八府庄园9号楼1层6号,27,1868
兄弟大灶台-大庆路店,4.2,莲湖区大庆路与阿房路交叉口东50米路南,59,1496
小谷姐姐麻辣拌·麻辣烫（华夏幸福广场店）,4.9,灞桥区纺西街2572号华夏幸福里购物广场4层4f-13,20,19
食色火锅（高新店）,4.7,雁塔区科技路西口华润万家超市楼上8层807室,65,1716
聚朋自助火锅,4.0,新城区尚勤路与东四路交叉口向西70米路北（西安银行旁）,21,2262
御品馋猫砂锅麻辣烫,3.5,雁塔区太白南路西部电子商业步行街107号,24,1
小伙伴铜盘火锅（互助路店）,4.7,碑林区互助路东北角紫落澜庭1栋1单元1006,46,1267
重庆渝味晓宇火锅（粉巷店）,4.4,碑林区南院门食尚南院古道茶城二楼A8-A9,95,6877
大千麻辣鱼,3.5,长安区西沣路7号（丰德寺旁边）,86,3
老单家葫芦头泡馍,4.5,未央区常青二路银池花香丽舍小区第七幢1单元1层10105号,18,3928
关中大锅炖（灞桥区店）,4.5,灞桥区白鹿原狄寨转盘向北100米,36,1473
楼北楼牛羊肉泡馍（大差市店）,4.1,碑林区东三道巷21号（近大差市）,27,2688
Enoch Cake 以诺蛋糕,3.9,雁塔区高新六路北口向南200米,65,1360
清真奥斯曼大盘鸡砂锅,4.6,莲湖区二府街70号,25,39
福临北京烤鸭（韦曲西街店）,4.2,长安区韦曲西街93号（二幼西侧）,50,2076
悠味烘焙坊（三桥店）,4.1,未央区双拥路三桥地铁口南50米金桥国际楼下（李记搅团南侧巷内10米）,59,1718
ccake蛋糕（环城北路店）,4.9,莲湖区环城北路126号纸坊南社区1号楼1单元1层2号（天翼手机南边社区门口）,53,252
鲜羔楼三味火锅,4.4,未央区昆明路与富源三路交叉口南行100米路东,63,3398
拾堂（土门店）,4.0,莲湖区汉城南路与丰镐西路交叉口（制药厂十字）西北角华东万锦城4楼,40,1321
聚福生葫芦头,4.0,未央区新府一路张家堡新村北门,29,1594
望江楼饭庄,4.2,未央区凤城六路369号7号楼一层,30,2410
ccake蛋糕（交大乐居场店）,4.9,碑林区乐居场47号3-3-0105室,71,1992
老机场重庆跳水鱼老店,3.9,莲湖区锦园路3号,58,1184
京都肉饼王,4.9,雁塔区师大路中段34号,12,3783
花语溪（西安小寨店）,4.7,雁塔区朱雀大街515号新加坡小区4-1410,83,10
中田餐饮古城老菜馆（华东店）,4.4,雁塔区长安南路196号华东服饰广场（陕西师范大学正门对面）,38,2126
醉仙楼,4.3,高陵区西韩路高陵县汽车站向南30米,30,1179
黑土情酱骨庄,4.0,雁塔区电子商城步行街东208号,36,939
希雅美烘焙（三十米路店）,4.3,蓝田县三十米路自来水公司楼下（自来水收费厅隔壁）,18,1765
春阳茶事（gogo街区店）,4.6,长安区GOGO街区579号,17,24
诚净和,4.2,高陵区西韩街汽车站向南30米,33,951
荷韵泡姜鸡特色火锅（凤城五路店）,4.3,未央区凤城五路与未央路十字东北角MAX未来1楼10117号,51,1254
灞原嘹咋咧面馆（万科店）,4.5,长安区万科棉花公寓15-1-111号商铺,17,16
员苑咖啡,4.4,莲湖区西华门十字西南角新世界百货B1层东北角62号（靠近北门）,32,717
Cake Talk 心语蛋糕房（纺织城店）,4.7,灞桥区堡子村转盘京都国际1号楼507室,29,2158
串妹花式冰粉（西安凤城三路店）,4.9,未央区凤城三路四海唐人街向西50米,10,60
清真尚品旋转自助火锅,4.1,莲湖区大皮院64号,33,1616
田园泡芙（兴庆公园店）,4.2,碑林区兴庆公园南门西侧,10,5324
食YUE,4.9,碑林区南大街印花布园社区7幢9栋10101底商,22,267
佳美蛋糕（洪庆店）,4.1,灞桥区田洪正街230号庆华北区,60,2203
老狼大盘鸡（徐家庄店）,3.5,雁塔区科技路安荣大厦1楼,32,1521
虎子水盆羊肉,4.9,雁塔区曲江新区翠华南路229号擎友大厦综合楼临街商铺,36,1990
林江鲜米线店,4.3,新城区万寿路38号（313路公交车起点站）,15,1283
铭香楼蒲城水盆羊肉,4.2,雁塔区科技六路数字空间1楼10107间,29,982
彭府湾（劳动路店）,4.8,莲湖区西安市莲湖区劳动路76号一层,12,154
㝇香过桥米线,4.2,临潼区银桥大道东三岔广场西侧914915汽车站点福客隆附近,10,827
面道,4.5,长安区新华街与长兴北路交口西北角（蓉城印象对面）,13,1690
Paris Sweet网红生日蛋糕,4.5,长安区韦曲南街兰乔国际城东门童蒙星幼儿园隔壁,100,26
旗王蛋糕,4.7,莲湖区团结西路土门新华批发市场西北角,40,1665
老柳大块牛肉面,3.9,新城区十四街坊东段（十四街坊与万寿中路交叉口西100米）,15,1467
谷田缘八宝粥家常菜,4.9,碑林区东关南街256号,9,276
红红鱼庄,4.0,新城区韩森路延伸段139号新东尚S,42,880
分享时光（中贸广场店）,3.7,碑林区长安北路中贸广场4号楼三层,34,1826
滚雪球小奶糕,4.2,碑林区建东街与安西街交叉口向南50米路西,12,436
中田美食（师大路店）,4.5,雁塔区师大路26号（近中国工商银行师大分行）,29,1870
拴马桩擀面皮（凤城十路店）,4.7,未央区凤城十路金源御景华府西北门旁,20,36
屋头串串（长安店）,4.4,长安区文苑北路雅居乐西门向北100米路东（樱花二路和文苑北路交叉口路东）,50,2428
西安唐隆国际酒店百香西餐厅,3.8,雁塔区雁南四路98号唐隆国际酒店3层,183,1036
FUN COFFEE梵咖啡,4.0,莲湖区大学习巷58号,30,5
麦香村蛋糕,3.9,蓝田县近郊蓝新路中段41号,12,1098
辣动时代自助小火锅（东辛庄店）,3.8,雁塔区高新六路圆通快递东侧40米处,28,730
傻得冒冒菜馆（西荷店）,3.8,碑林区兴化巷西荷商业美食街（凯旋城东侧旁）,20,1489
澄城张记水盆羊肉,3.9,莲湖区丰登北路46号,22,1031
川王府,4.2,周至县农商东街27号（计生局对面）,35,467
同盛德泡馍,3.6,雁塔区大雁塔北广场东南角全季酒店一楼,32,1955
香香大盘鸡,4.9,雁塔区长安南路196号华东服饰广场3楼（陕师大正门对面）,35,2089
酒串·串串香火锅店（龙首店）,4.9,未央区龙首村十字区政府向西100米路北（龙首茶叶市场正对面）,41,1133
珍味林饺子馆（华旗国际广场店）,4.3,雁塔区长安中路97号（华旗国际广场B1层）,14,982
御品轩（交大一店）,4.2,碑林区咸宁西路28号交大一村5舍（翠庭大厦斜对面）,18,1426
新美心蛋糕,4.7,未央区三桥建章路中段49号花园市场北侧10米（车辆厂医院）,24,747
小山峡巫山烤全鱼纸包鱼,4.1,雁塔区育才路262号,25,6022
拓氏云南生态石锅鱼（建国路店）,4.9,碑林区建国路31号金顶人家1楼北3号（建国门进来路东50米，）,79,1030
咖啡陪你（逸翠园店）,4.2,高新区锦业二路北侧逸翠园三A期,39,561
尚品蛋糕,4.2,高陵区西营村西营十字西南角雅居宾馆楼下,15,1247
同州大老碗手擀面,4.4,长安区樱花一路樱园食府斜对面（樱花广场对面）,14,834
思味蛋糕屋（龙首路店）,3.8,莲湖区龙首村西北区荣民花园5幢2单元1层20102号,44,902
湖南土菜馆,3.8,雁塔区科技路西口十字向西200米富裕路8号（向西30米韩氏万家香粥饼取餐）,39,812
食色Shesoul 港式料理（立丰国际店）,4.9,碑林区立丰国际公寓512室（立丰国际公寓楼北门5楼）,55,1631
你懂的西饼屋,4.3,高陵区鹿祥路利民花园东3号铺,30,640
三鲜葫芦头泡馍,3.8,雁塔区高新区锦业一路19号锦樾旺街1-10102-2号,19,1028
尕娃椒麻鸡（龙首村店）,4.7,未央区龙首北路西段花园客栈隔壁,26,1483
重庆德庄火锅（周至店）,5.0,周至县环城东路与农商街交汇处（水岸东方小区商业楼）,51,1049
米乐西饼店,4.1,蓝田县蓝新路中段96号（蓝新路与向阳路十字北150米）,10,884
金乐爱特蛋糕（太白南路店）,4.2,雁塔区太白南路紫薇尚层（电子四路）,34,1452
启明腊汁肉揪面片,4.8,雁塔区翠华路大雁塔小学北侧（原乐乐腊汁肉揪面片）,19,923
阿霞螺蛳粉（高新店）,3.9,雁塔区科技二路甘家寨北门东二排三号楼二单元,16,1361
东北人自助小火锅（下北街店）,3.9,临潼区下北街中段（近北关小学）,18,681
四季香葫芦头,4.1,临潼区姜寨路天河酒店西门对面巷内20米（近天河酒店）,19,1217
四季尚品西饼屋,4.1,雁塔区甘家寨西区10排3单元1层商铺（丈八北路地铁C口出向南30米）,40,3032
三姐香辣涮冒菜世家,3.9,碑林区和平路108号,23,2089
云毅过桥米线,3.8,高新区高新区光华路191号糜家桥小区38号楼1-2号,20,538
虎子鱻石锅鱼,4.0,莲湖区土门坊开远半岛市民中心南行50米,57,755
油泼辣子biangbiang面,4.5,碑林区建东街与太乙路交口西南角,12,339
雷超正宗水盆羊肉,4.3,雁塔区曲江新区中海东郡小区西门向南100米（近中海东郡）,26,845
T·ONOR欧诺蛋糕,5.0,碑林区新安街丹尼尔东西窑坊小区20号楼一层20102,77,1442
沸腾鱼庄,4.4,雁塔区唐兴路与丈八北路交汇处唐兴路21号（陕西省卫生监督所西隔壁）,54,807
周公岐山面,4.0,碑林区咸宁西路兴庆宫公园南门西侧,11,1990
维斯特蛋糕,3.8,雁塔区民洁路西安际华三五一一家纺有限公司西大门南侧沿街门面房,72,7406
小天地川菜主题餐厅,4.9,长安区府东一路城南新天地南侧,39,945
福春缘葫芦头,4.9,未央区凤城六路与未央路十字向东20米路北（醉关中对面）,27,1621
曹记重庆老火锅,4.3,雁塔区咸宁东路356号科技学院西侧（田马路十字向西200米路南）,59,584
奶语茶香（长安广场店）,4.4,长安区韦曲街道西长安街长安广场华润万家入口东侧20米（池上寿司）,9,1357
香叶草创意蛋糕（西稍门店）,4.7,莲湖区铁塔寺路66号（西稍门大酒店北侧）,80,801
西府面馆（省体育场店）,4.2,碑林区体育北路108号商铺,12,798
思彤驴蹄子面（长安西路旗舰店）,4.8,雁塔区长安西路三兴园小区北门斜对面（朱雀大街与长安西路十字向西，真爱医院西侧50米）,15,593
思氏横山铁锅炖羊肉,4.2,未央区凤城三路与贞观路十字向西50米路南（六号大院六号楼三层）,62,1761
元木烘焙蛋糕坊（五路口万达店）,4.1,新城区东五路44号付1号,26,2005
老东关饺子店,4.3,碑林区火炬路北口3号,20,474
小竹签烤肉（自强西路旗舰店）,4.0,莲湖区自强西路38号西安铁路职业技术学院对面,47,1266
清真金龍大盘鸡,4.4,莲湖区大皮院34号（莲湖区政府向西200米）,42,439
老白家牛羊肉泡馍,4.3,新城区东六路群策巷小区西边20米,23,475
秦轩澄城水盆羊肉（北三环店）,4.5,未央区太华北路沿线北三环大明宫建材市场物流区北门东侧（尚客优骏怡快捷酒店西约50米）,26,1387
艾米客蛋糕,3.9,长安区皂河路与青年南街十字向南200米路东（金赛商务酒店正对面）,10,1075
乐享食光烘焙工坊（十里铺店）,3.7,灞桥区浐灞生态区李家堡商业街39号,14,1479
安旗（广安路店）,4.1,未央区广安路西岸国际花园一期北门东50米,29,454
汉釜宫韩式自助烧烤火锅,3.3,灞桥区白鹿原solo街与商业街十字路口处（北海道楼下）,36,2273
乐美客炸鸡汉堡（西翻店）,3.9,长安区太乙宫正街82号对面,22,900
月盛斋,4.6,鄠邑区人民路十字北段300米路东,25,821
张记饺子馆,4.4,临潼区诚信路19号，菜市场向东300米,10,1173
馋喵海鲜私房馆,4.8,临潼区行者路16号石油城西门向北100米路东,31,431
白菜心（高陵店）,4.3,高陵区鹿歌路6号,45,774
和憩园火锅坊,4.4,未央区北辰大道祥和居西门向北100米（宝宝乐隔壁）,55,159
洪家脊骨汤,3.9,雁塔区锦业路高新区绿地世纪城食饕街3栋1单元,57,225
同麦德老任家泡馍,3.4,雁塔区科技六路中断数字空间365西侧海升酒店一层,35,453
7273猫屁股猫咪西餐Coffee桌游（长安广场店）,4.9,长安区长兴南路延安大学创新学院前门西侧50米竹园小区门口门面房08号,37,967
RF正宗重庆鸡公煲（高陵店）,5.0,高陵区陕汽车城酒店对面巷子向南200米,22,1030
沃稞面包工厂店（赛高街区店）,4.1,未央区凤城五路地铁B出口旁,21,4043
和运生葫芦头,3.9,新城区咸宁东路508号（第四人民医院东侧）,29,425
大嘻咹biangbiang面（柏树林店）,4.8,碑林区柏树林65号（柏树林公交车站牌马路正对面）,17,2071
彤德莱（小寨师大店）,4.9,雁塔区长安南路196号华东服饰广场北楼1号,55,4732
恩希家农家乐（上王村店）,4.7,长安区上王村东四街139号,47,705
宝龙雪花·陕北传统杂粮小吃（朱宏路店）,4.6,未央区石化大道新北城蔬菜批发市场西门门口南排1号,5,159
袁记肉夹馍,4.1,临潼区东街眼睛烤肉隔壁,16,1109
思刻鲜作蛋糕工坊（龙首店）,4.3,未央区未央路盛龙广场A区4号楼2单元809室,80,640
碰碰凉,4.2,蓝田县蓝新路中段与文化路交叉口北80米路西,12,1992
麦香园蛋糕,4.7,雁塔区东仪路136号（近东仪福利区）,60,142
重庆鸡公煲（席王路店）,3.9,灞桥区席王街中段十字路口西南角（近三隆超市）,25,770
乐滋西点,3.7,阎良区文化东路与公园街交叉口西行20米路南）,18,241
第五咖啡（劳动路西缆店）,3.9,莲湖区劳动路212号西缆高层B座2楼（近中信银行）,40,461
紫来轩,4.8,雁塔区东仪路93号（东仪北路站牌，烈士陵园站牌对面）,24,755
古搜咖啡,4.5,雁塔区丈八一路汇鑫IBCB座,50,292
风启达蛋糕（未央店）,4.1,未央区广兴路西岸国际花园东苑东面商铺8号楼10107号（新疆大盘鸡向北五十米）,75,648
赛尚西饼,4.1,莲湖区丰登北路百花明珠20101号（近西电集团医院）,15,506
70年代土灶台一锅炖,4.7,长安区樊川路杨虎城烈士陵园斜对面,40,459
汉中黄辣丁私房菜馆,4.9,碑林区东关正街世贸大厦E座1007室,45,278
YJ重庆鸡公煲,3.7,阎良区大良路QM重庆鸡公煲旁边,28,299
8090私房火锅,4.6,未央区草滩一路长乐西苑7号楼302室（近长安大学）,46,425
唐顺肥牛（电子四路店）,3.7,雁塔区电子四路中段9号，宗江大酒店隔壁（近北山门）,60,1442
毛妈妈串串火锅（科技路西口店）,4.3,雁塔区科技路西口往北200米路西,46,468
味品轩蛋糕屋（西大街店）,3.9,莲湖区西门里西梆子市街3号大洋超市隔壁,50,878
味香特蛋糕,4.5,高陵区南新街149号（高陵四中向南100米路东）,15,308
左右奶茶,4.3,新城区新公园南路秦川小学正对面,10,65
巧夫人云南过桥米线,4.2,灞桥区浐灞生态区十里铺街道486号（东方大市场站牌西10米路南）,12,336
欧菲克生日蛋糕（民乐园店）,4.9,新城区东六路35号,89,4375
梅姐烧烤海鲜·手工水饺,4.0,莲湖区劳动路118号,43,140
老上海蛋糕,4.7,高陵区泾环南路杨官寨综合市场内北排,10,491
大家烤羊庄（大雁塔店）,4.5,雁塔区慈恩西路大雁塔北广场140号,118,407
老唐红鸭脖（朱雀门店）,4.8,碑林区朱雀大街北段7号2号楼一层1101号,10,320
蒙古王烤羊腿（北郊店）,3.9,莲湖区文景南路与农兴路交叉口东北角红东花园商铺,56,302
农耕年代,4.3,灞桥区汽车科技学院向北50米（水安路加油站北50米）,44,281
麦啦屋西饼房（麦芝香店）,4.1,碑林区东关南街古迹岭20号楼（东关南街室内综合市场东侧）,27,144
曲江国际饭店餐厅,4.0,雁塔区西影路46号曲江国际饭店内（与曲江路交汇处）,123,816
云端咖啡,4.6,高陵区南环东路维也纳森林4-114号（昭慧广场向东30米路南）,28,126
老味道蛋糕坊,4.6,未央区沣东新城双拥路时代华城底商（三桥地铁口南200米）,70,604
楚湘人家,3.7,碑林区永乐路66号（顺家快捷酒店里边。永乐大厦隔壁）,49,823
老刘家葫芦头泡馍,4.7,新城区自强东路向荣小区南门东50米路北,21,612
天佑国际酒店贵宾楼,4.9,莲湖区土门十字路口向南300米,51,320
汤峪温馨农家乐,5.0,蓝田县汤峪镇塘子村河道小区008号,33,138
蒂奥莎烘焙（凤城九路店）,4.1,未央区凤城九路文景小区西区南门向西80米,15,174
重庆火辣辣鱼庄,4.0,长安区滦镇沣峪口西沣路（体院沣峪口校区向南150米）,76,199
香川人家,4.2,长安区皂河路东新花园西排1号，壳牌加油站隔壁（青年南街十字西南角）,39,215
微甜生活,4.8,灞桥区半坡地铁站半坡国际艺术区中央通道内第二家（小天鹅艺术团隔壁）,55,1428
无水猪蹄,4.3,莲湖区西安市莲湖区大寨路1号,22,115
蜀椒鱼妹私房小馆,4.8,雁塔区明德路与明德东路十字往北十米路东二楼,59,670
重庆鸡公煲（三桥店）,3.9,未央区双拥路安置新村2-3-7号（凤凰城小区对面）,29,180
川福小厨,4.2,长安区郭杜街办郭杜东街86号,27,78
袁记肉夹馍（曲江店）,3.8,雁塔区曲江路169号中海关园b区（近曲江一中）,18,908
外婆家私房火锅,4.7,碑林区二环南路西段盛世太白4单元2404室（近红星美凯龙）,69,66
瑞云蛋糕房,4.2,周至县中心街与云塔街交叉口瑞云步行街南口,45,49
顺风肥牛（雁翔路店）,4.9,雁塔区雁翔路中段18号（近青龙路）,56,12734
炉诱·香辣烤鱼（建设西路金萨店）,4.4,碑林区建设西路三二三医院对面金萨餐饮世界1楼,50,10819
盛运涮烤自助餐厅（电子正街店）,4.3,雁塔区电子正街与丈八东路交叉口西北角（民生百货3楼）,50,35089
同盛祥（凤城五路店）,4.7,未央区凤城五路26号（西安中学南门对面）,33,7445
82°C魔力焖锅（赛格国际店）,4.2,雁塔区长安中路123号赛格国际购物中心7楼,79,20791
飞鹿火锅,4.9,莲湖区西北一路3号（玉祥门里100米十字向北50米）,64,3631
一尊皇牛（文艺路店）,4.2,碑林区友谊路393号家春秋5楼（近文艺路）,68,9138
李想大虾（会昌路店）,4.0,临潼区会昌路和秦陵北路交叉口南行50米,45,11232
京祥铜锅涮肉,4.2,莲湖区劳动南路72号,59,3427
黄记煌三汁焖锅（民乐园万达店）,3.6,新城区解放路111号五路口东南角万达广场北区3号门5层549、550号,83,9264
鼎尚鲜火锅传奇（南长安街店）,4.3,长安区长安路樊家什字军人综合服务楼,79,4340
麻辣空间（咖啡街区店）,4.1,雁塔区光华路咖啡街区水街5号,86,3782
洪氏嗨捞·新派猪肚鸡（赛格国际店）,4.9,雁塔区长安中路123号赛格国际购物中心7层（长安中路与小寨东路交叉口东北角）,73,8548
好利来（万科店）,4.5,长安区西长安街（韦郭路、陕师大长安校区对面）,38,2498
德发长饺子（钟楼店）,4.0,莲湖区西大街3号同盛祥隔壁,89,11386
渔歌·活鱼现烤（龙首盛龙店）,4.1,未央区未央路盛龙广场龙首购物中心步行街三楼东区,54,11354
国花君为善餐饮,4.1,新城区北大街85号中图国际大厦4层,49,7135
巷子火锅,4.1,雁塔区长安中路金莎国际广场4楼,88,12494
同鑫楼炝锅鱼（西寨店）,4.1,长安区南长安街鑫园小区门面房,40,5867
锦里火锅（红旗店）,4.4,未央区渭滨路62号乐派广场4楼,68,3130
大队长主题火锅（凤城八路店）,4.5,未央区凤城八路与文景路交叉口向西100米路北（市政府西200米）,81,12122
麻辣空间（绿地世纪城店）,4.0,高新区锦业路绿地世纪城仕嘉公寓A区绿地国际俱乐部5层,89,4718
红透天自助涮烤（韦曲店）,3.9,长安区韦曲北街28号,34,27958
清真叁少野涮锅烧烤（民乐园店）,4.5,新城区东新街与尚俭路十字向南40米路东（近万达国际影城）,76,826
竹园村（劳动南路店）,4.0,碑林区劳动南路19号,82,8302
新辣道鱼火锅（李家村店）,4.0,碑林区雁塔北路李家村万达广场3层3-17、3-18号,80,9177
CoCo都可（民乐园万达店）,4.4,新城区解放路111号民乐园万达广场5层,9,7854
玉海港2068香辣虾（鱼化分店）,3.1,雁塔区科技路西口华润万家东临二楼,62,21778
伯爵工房（大寨路店）,4.1,雁塔区昆明池路7号恒大城14号楼10108商铺,48,7148
李想大虾火锅花园（长百新市店）,3.8,长安区太阳新街长百新市生活广场3楼,50,16805
大红袍重庆老火锅（临潼店）,4.1,临潼区文化路中段84号（左邻右舍便利店隔壁）,57,2792
御品轩（城东客运站店）,3.9,灞桥区纺织城客运站候车大厅内（客运站与地铁站转换层）,28,3888
鸭掌门特色火锅（文景路店）,3.9,未央区经开区凤城四路与文景路交叉口西南角海璟蓝寓20304号商铺,58,8696
秦风肥牛（阳阳国际店）,4.0,雁塔区朱雀大街132号阳阳国际广场3楼（交大第一附属医院对面）,81,8998
CoCo都可（小寨赛格店）,4.3,雁塔区长安中路123号赛格国际购物广场负二层,13,13860
伯爵工房（明德门店）,4.1,雁塔区朱雀大街杨家村凯旋广场d座（南方星座d座正对面）,34,4634
赛味尔蛋糕,4.7,临潼区人人乐超市东侧，啤酒广场,32,3418
仟禧自助涮烤（田王店）,3.7,灞桥区田洪正街266号中都宝丰大楼3楼,48,5764
小浪花自助涮烤,4.0,莲湖区莲湖路与立新街交叉口东北角,45,10487
土大力烤肉名家（银泰百货店）,3.9,碑林区西大街48号银泰中环广场银泰百货6层,57,3465
藏式秘汁烤鱼（中贸广场店）,3.9,碑林区南关正街16号中贸广场餐饮楼2层,61,3939
重庆四姐火锅,4.0,长安区新华街与长兴路交叉口东南角（绿园十字北行80米）,81,4810
北京老胡同烤鸭（朱雀门店）,4.0,碑林区南广济街蕾德曼酒店二楼（五味什字向南50m路西）,67,10012
麦多馅饼,4.5,未央区北大学城陕西科技大学时代广场西北角1楼,7,3228
鲜上鲜文鱼庄（阳阳国际店）,3.8,雁塔区朱雀大街132号阳阳国际广场C座2楼（近雁塔西路）,88,2687
白鹿原猪蹄坊,4.1,碑林区太白北路279号西北大学综合服务楼,47,5834
王府臻品火锅（长安街店）,4.5,长安区西长安街55号（西北饭店斜对面）,58,5360
乡村基（长乐店）,3.9,新城区长乐西路180号炫彩商城2楼（康复路口）,25,8369
壮仔龙虾,4.9,碑林区东大街万达新天地二号楼10188,60,2283
杨翔豆皮涮牛肚（明德门店）,4.9,雁塔区朱雀大街南段52号（华园裙楼一楼）,51,7423
重庆地瓜老火锅,4.9,未央区凤城四路与民经一路十字东南角（世融嘉城商铺）,66,4135
仟禧自助涮烤（高陵店）,3.8,高陵区南新街与东方红东路交叉口向南50米路东,37,3187
玛喜达韩国年糕料理（民生百货店）,4.6,碑林区东大街骡马市1号民生百货6层,42,15955
韩味坊牛排自助（长安中央广场店）,4.3,长安区长安中央广场奥斯卡影城西侧3F（近西北饭店）,48,23001
汉拿山（大明宫万达广场店）,4.0,未央区太华北路369号万达广场3层,82,5138
御品轩（临潼唐宫坊店）,4.2,临潼区会昌路临潼中心广场华润万家一楼,21,2873
顶牛兰州牛肉拉面（金花路店）,4.8,新城区金花南路与咸宁路交叉口北行100米,13,8895
苏浙会馆（高新店）,3.9,雁塔区高新一路2号国家开发银行大厦裙楼1-4层,98,895
聚丰苑北京烤鸭（大明宫店）,3.8,未央区太华北路242号大明宫内（近凤城一路）,55,3018
李想大虾火锅花园（万年路店）,4.0,新城区长乐路与万年路十字向北150米路东（万年饭店北150米）,46,8071
田园牧歌饭庄,4.6,临潼区桃园步行街北排中段,27,2126
九锅一堂（小寨赛格店）,3.8,雁塔区长安中路123号赛格国际购物中心7层7026,39,10410
雅泰来中西餐（解放路店）,3.8,新城区解放路55号（人人乐超市向南10米）,52,3871
宽塘·蛙哥虾妹（小寨臻选店）,4.0,雁塔区小寨东路赛格购物中心七楼,68,7737
嘻范·湖南菜 剁椒鱼头（凤城五路店）,4.3,未央区凤城五路与文景路交叉口东南角斯玛特商业广场三楼（近海璟时代，西安中学南门正对面）,46,750
清真重庆巴爷香辣鸡煲（南小巷店）,3.8,莲湖区西关正街189号,50,2021
安旗蛋糕（城东旗舰店）,4.0,灞桥区城东客运站广场地铁A入口,23,1407
福泰宫,4.0,莲湖区枣园西路8号,46,4003
万和源炝锅鱼·活鱼现炝（吉祥路店）,4.4,雁塔区吉祥路与永松路交叉口东行50米路北,53,1902
小阿妹米线（李家村店）,4.4,碑林区雁塔路69号华润万家一层,22,4873
赛百味（高新店）,4.0,雁塔区科技路33号世纪金花一层（近光华路西口）,26,4051
多乐客披萨（小寨店）,4.3,雁塔区长安中路215号西旅国际青春巷子一层14,30,1994
味立方煎饼屋（电子正街店）,3.9,雁塔区电子正街88号（凯悦华庭1楼）,40,3662
福聚长饺子馆,4.5,未央区西咸路沣东新城启航佳苑B区门口北第一家,17,1546
赵家腊汁肉（小寨店）,4.2,雁塔区兴善寺西街与长安中路交叉口向西400米路南,14,3543
渝老道火锅,4.2,高新区西沣一路8号,88,738
吉美诺蛋糕（公园北路店）,4.0,新城区公园北路88号,34,2572
泰熙家（飞炫店）,4.3,雁塔区兴善寺西街小寨飞炫广场一层,30,3025
王婆大虾,4.1,临潼区文化路北开元小区门口,44,4430
中国重庆老版火锅（科技店）,4.1,雁塔区科技路与博文路交叉口东50米路南,87,2943
名羊天下陕北横山铁锅炖羊肉（博文路店）,4.4,"雁塔区博文路与科创路十字东南角（西电科技园西侧）,近中国平安、高新一幼",62,2724
毅祥斋老孙家泡馍（西羊市店）,4.2,莲湖区回民街西羊市40号（西羊市向西100米路南）,22,33637
纳家楼·新陕菜（矿山路店）,4.3,未央区矿山路海璟印象城B区一层（近刘南村）,40,1630
鲜上鲜文鱼庄（高新路店）,3.7,雁塔区高新路80号望庭国际10106（枫林绿洲西门对面）,85,1461
城市运动公园茶餐厅,4.2,未央区未央路168号城市运动公园综合馆二楼茶餐厅（近城市运动公园体育馆）,35,975
伯爵工房（桃园路店）,4.1,莲湖区丰镐东路190号,42,1909
藏式秘汁烤鱼（西北国际茶城店）,4.5,新城区长乐中路242号西北国际茶城4楼,61,2946
飘香盛世小阿妹米线（紫薇龙腾店）,4.1,雁塔区科技路1号紫薇龙腾新世界1层,24,4246
门里香葫芦头泡馍馆,4.1,未央区凤城一路大明宫建材家居市场西门对面,16,4472
德圣咖啡（玉祥门店）,4.2,莲湖区大庆路11号1幢1单元00102室,44,4587
谷麦滋（文化东路店）,4.7,临潼区文化东路120号（东方开元小区1区门面房）,15,3827
马勇牛羊肉,4.9,碑林区大学南路边西街3号（西北大学西北工业大学）,48,2699
唐武大盘鸡,4.2,临潼区东大街3号眼镜烤肉隔壁,29,2896
牛一嘴·中国兰州牛肉拉面（雁南四路店）,4.7,雁塔区雁南四路与庙坡头路交叉口北行50米路东,17,8077
泰熙家（中贸店）,4.2,碑林区南关正街16号中贸广场F1层,29,1836
七十二行·巴蜀锦筵餐饮,4.4,雁塔区二环南路东段与翠华路交叉口长安大学对面（近翠华路）,67,2796
清真·马骥家泡馍,3.9,雁塔区朱雀大街252号（小寨西路与子午路交叉口向北200米路西）,38,5233
Mr pig·借蹄发挥（万和城店）,4.7,新城区长缨西路万和城负二层4F-239号,16,2374
飘香盛世小阿妹米线（建工路人人乐店）,4.3,新城区公园南路人人乐超市内,22,2867
张氏宽窄巷成都名小吃（中贸店）,3.7,碑林区中贸广场步行街B区2层B-2-4号,27,2023
饮长安（东仪路店）,4.0,雁塔区丈八东路8号,39,2732
蜀江烤鱼（大明宫万达广场店）,4.1,未央区太华北路369号万达广场步行街3071-3072号,75,9858
小阿妹米线（公园南路北口店）,3.9,新城区公园南路北口海方商城一层,22,6275
凌云餐厅,4.8,高陵区西韩街223号,25,437
刘小厨·陕西菜（科技二路店）,4.7,雁塔区科技二路文理学院隔壁（沙井村南口斜对面）,46,5100
顺峰（唐延路店）,4.2,雁塔区唐延路唐延鑫苑66号楼（在唐延鑫店隔壁）,158,1224
New Day cake新一天烘焙工作室,4.8,雁塔区高新路88号尚品国际C座南504,64,1002
刘大饼香辣土豆片夹馍（鱼化店）,4.1,雁塔区鱼斗路外事学院南校区北门东9,9,4081
顺峰（南二环店）,4.5,雁塔区南二环东段22号（近东二环）,159,1684
帝都天元酒店（餐饮部）,4.2,灞桥区田洪正街2598号,61,606
玉涮坊老北京涮肉·羊蝎子（建工路总店）,4.5,新城区建工路19号新城科技产业园内华企大厦一层,52,3222
家阖百岁鱼（浐灞半岛店）,4.3,未央区浐灞生态区浐灞半岛a15区门面房10202（浐灞大道与灞柳西路交叉口西侧）,50,2688
彼岸咖啡,4.7,高陵区泾河工业园区长庆西路天正花园小区门面（北门西侧）,34,321
宽窄巷成都名小吃（龙湖星悦荟购物中心店）,3.8,莲湖区大兴东路2号龙湖西安大兴星悦荟3楼,29,3213
啃啃cake for you,4.4,雁塔区太白南路西万路口金泰假日花城底商8-10120（玛雅房屋隔壁）,129,1579
禾绿回转寿司（民乐园店）,3.4,新城区解放路万达广场5楼559号,84,1209
华美烘焙,4.3,雁塔区小寨路街道吉祥村吉祥商业街B-06号（西安美院西侧）,63,1435
彤德莱（立新街店）,4.9,莲湖区愉景华庭1022号（莲湖路与立新街交叉口、擎天桌球会所隔壁）,53,3130
牛一嘴·中国兰州牛肉拉面（凤城九路店）,3.8,未央区文景路与凤城九路交叉口魏玛公馆南门,15,7578
德泰楼陕菜馆,4.5,莲湖区莲湖路中段107号（近红湖街站）教育宾馆2楼,44,2276
美好时光凯斯乐蛋糕店,4.9,碑林区围墙巷2号（中贸广场北侧20米）,42,1693
清真超香米线,4.5,莲湖区东举院巷北口96号,18,1294
川人百味（李家村万达店）,3.7,碑林区雁塔路北段8号李家村万达广场3F,40,6725
站亭（小寨赛格店）,3.6,雁塔区长安中路123号赛格国际购物中心B2层3009,21,2542
金彤川菜（西稍门店）,3.9,莲湖区西关正街58号（海底捞向西200米）,42,1573
泰熙家（龙湖星悦荟店）,3.9,莲湖区大兴东路2号龙湖西安大兴星悦荟负一层,29,1491
大厨小馆（绿地店）,3.9,雁塔区锦业路10130-A号（绿地世纪城饕界）,46,790
和記丸子専買,4.5,雁塔区兴善寺东街新海港城负一层3号通道旁（超市这一层）,10,3103
巨炉烤吧（科技路店）,4.3,雁塔区科技路徐家庄南口（原杨翔豆皮涮牛肚）,55,3054
梨园宫剧院餐厅,4.3,莲湖区大兴东路63号（小白杨公交站下车即到）,72,834
西羊市老米家泡馍（环城南路店）,3.9,碑林区环城南路中段96号（阳光丽都旁）,40,5903
糊涂记（文景店）,4.3,未央区西安市文景路白桦林居东门西安银行三楼糊涂记,30,2358
旺顺阁鱼头泡饼（财富中心店）,4.1,雁塔区南二环西段财富中心C座2层,104,737
鲜红家美食餐厅,4.3,长安区樱花一路雅居乐外商铺30-105,29,2421
楼兰古丽新疆菜（文景路汉神店）,4.5,未央区凤城八路与文景路交口西南角汉神购物广场南馆4层（西安市政府斜对面）,48,3278
大厨小馆（世家星城店）,4.0,雁塔区丈八东路8A商铺,47,1022
蓉李记成都名小吃（李家村万达店）,3.8,碑林区李家村万达广场3楼,29,2717
SOMA蛋糕,4.5,灞桥区鹿塬街南段60号白鹿花园东门北,55,825
刘大饼香辣土豆片夹馍（长安店）,3.7,长安区航天城南长安街客运公司对面,6,2783
上野日本料理（南新街店）,4.1,新城区南新街10号,59,1771
韩记饺子馆,4.2,未央区凤城一路东段大明宫建材家居城北门对面,15,3001
德克士（临潼2店）,4.0,临潼区临潼生力广场一楼,24,2948
天宇菲尔德花园餐厅,4.0,长安区神舟三路239号天宇菲尔德酒店一层,129,2216
巷子里市井火锅,4.4,未央区未央路塞高国际C座1楼（必胜客后面）,49,812
面根面,3.9,碑林区太乙路立交西北角曼城国际商业街中心楼一楼（近太乙路立交）,26,3478
太平洋咖啡（大唐西市店）,4.1,莲湖区劳动南路118号西市城购物中心第1层3F1205（近西市广场雕塑）,42,1102
北京老铺烤鸭（高新店）,3.8,雁塔区团结南路与科技路交汇处北200米路东,68,2161
迈德思客（车站店）,3.9,灞桥区东城大道与柳虹路交叉口东50米路南,16,3773
迈德思客•汉堡•烤全鸡（临潼店）,4.4,临潼区吊庄路与陕鼓大道交叉口南50米,19,1797
天悦烤鸭精品家常菜（长乐店）,4.0,新城区长乐中路126号沣华国际酒店1-3层,49,2800
胖子牛羊肉（边西街店）,4.9,碑林区边西街89号（陕建公司家属院对面）,80,2122
天方食府,4.1,长安区书香路商业街B栋2层K区（陕师大长安校区）,37,1199
上岛咖啡（紫郡长安店）,3.8,雁塔区朱雀大街南段紫郡长安F2号楼二层,76,2741
清真胖小李火锅（民乐园店）,4.6,新城区东新街3号楼1单元1号,40,3519
华清爱琴海地中海餐厅,4.0,临潼区陕鼓大道8号,196,475
上海人家（含光路店）,4.3,碑林区含光路北段汉庭酒店南行30米,86,1618
金桥酒店（西北二路店）,4.7,莲湖区西北二路一号,47,727
SPRCOFFEE（李家村店）,4.1,碑林区雁塔北路52号（李家村万达广场北侧煤研宾馆一层）,30,1130
海市阁餐厅,4.2,未央区浐灞大道1366号,35,305
大厨小馆（友谊路店）,3.6,碑林区友谊路黄雁村十字东南角华豪丽晶2楼,44,555
岐风烙面皮,4.3,碑林区东木头市19号（骡马市南口往东100米路北）,18,3043
私房菜煎饼天府酸菜鱼,4.0,高陵区泾渭四路如家酒店南行50米路东,28,1743
等一个人咖啡馆,4.7,碑林区鼓楼对面竹笆市银泰百货地下停车场往西50米,26,324
压壹锅（龙湖星悦荟购物中心店）,3.9,雁塔区新开门北路888号龙湖星悦荟购物中心中厅3层,44,1292
秦巴源民间陕菜（龙湖星悦荟购物中心店）,4.5,莲湖区大兴东路2号与星火路十字向西100米龙湖星悦荟购物中心3楼（红庙坡）,39,2427
中国兰州牛肉拉面（大寨路店）,4.9,莲湖区大寨路1号8幢1单元10101室（大寨路华府新桃园南门）,15,414
福茂源陕北铁锅羊肉·烧烤（高新路店）,4.1,雁塔区高新路与科技四路十字东南角（枫林绿洲小区北门西侧A9公馆商业二层）,82,2099
七里香蒸饺（都市印象店）,3.6,雁塔区西辛庄800路站牌处都市印象门面10-1001（丈八北路唐兴路十字东北角）,24,6377
大城小鸡黄焖鸡排骨米饭（铁塔寺北街店）,3.6,莲湖区铁塔寺北街2-14号,15,194
迈德思客（郭杜店）,3.8,长安区郭杜东街润家购物广场对面,15,1953
芙利来·网红轻奢蛋糕（石家街店）,4.1,新城区东元西路8号（石家街站彩云郡小区东临加油站斜对面）,36,1514
鸭掌门特色火锅（长安店）,3.7,长安区韦曲西街十字向南50米路西（长安酒厂南）,57,4359
DQ（解放万达店）,4.4,新城区解放路111号五路口东南角万达广场南区5层535,31,1603
巴黎圣曼蛋糕（东城大道店）,4.7,灞桥区东城大道兴阎小区底商3号铺,50,438
赵家腊汁肉（高新总店）,4.1,雁塔区科技路与高新四路十字向北200米路西（新西蓝二期楼下）,15,2055
春发芽葫芦头,3.7,雁塔区吉祥路129号太白小区十字东北角蛐蛐火锅旁边,34,1938
大益膳房（纺织城店）,4.3,灞桥区鹿塬街中段388号（灞桥分局南行200米）,94,754
小哥过桥米线（海港城店）,4.0,雁塔区长安中路169号旺角广场秋云小吃城3楼,15,1030
纳家楼·新陕菜（玄武路店）,4.3,未央区玄武路西口尚品雅苑1楼（惠仁医院附近）,40,1578
猫堂小站猫咪主题馆,4.9,雁塔区小寨十字东南角华旗国际A座16层1631室,29,2341
胡杨林餐厅,4.1,高新区光华路72号（近高新路，导航医院旁）,48,1313
侏罗纪原生态咖啡,4.3,新城区解放路民乐园万达广场1号门与2号门之间中央通道内,32,951
华元饭庄（柳巷店）,4.8,灞桥区华清东路82号（近灞桥火车站，东城大道与柳亭路路口北侧）,30,1161
九成香木桶鱼老火锅（科技路店）,3.9,雁塔区科技路与丈八北路十字东北角（华润万家超市西门3楼）,68,2497
古城一品私房开锅羊肉,4.4,雁塔区朱雀大街南段紫郡长安C6号楼一单元102（华夏银行旁东门）,48,467
紫燕百味鸡（丈八北路店）,4.3,雁塔区丈八北路709号7栋1单元10112室,19,4278
秦皖嫩江鱼,4.0,新城区大明宫遗址区含元路394号,42,442
腾云铁板烧,4.9,未央区未央路和凤城一路交叉口雅荷花园A36栋楼2单元（工商局对面西边30米）,92,283
海江河文鱼火锅,4.7,未央区东二环与矿山路交叉口向东800米路南（煤矿机械厂对面）,81,1247
THREE叄壹烘焙,4.5,莲湖区大兴东路龙湖MOCO国际1-1-11708室,40,1610
久沐·贵妃醉酒,4.4,碑林区竹笆市中段115号,45,2251
果果家的鱼（东仪路店）,3.8,雁塔区东仪路3号东怡宾馆1楼（邻近南大明宫石油大学）,59,3130
佰味蜀釜火锅,4.3,未央区未央路138号中登大厦A座2楼（未央路与凤城三路十字向北100米路西）,80,1084
大益膳房（晶海高新店）,4.4,莲湖区南二环西段393号捷瑞公园首府1-3楼,132,1013
面辣子·陕西家乡菜（西大街店）,4.4,莲湖区西大街358号唐人街商业步行街B2栋3层30690号（西大街桥梓口十字西南角世纪金花隔壁）,55,1738
老马家泡馍,4.1,未央区徐家湾渭滨路康乐医院向南50米（工商银行斜对面）,28,2070
北京羲和雅苑烤鸭坊（王府井店）,4.0,碑林区南关正街王府井百货六层,102,1539
老陈家烩菜（东新街总店）,3.9,新城区东新街138号（尚勤路尚俭路间）,29,549
德意西饼屋,3.9,临潼区南大街与北大街十字路口附近,21,4759
hellokitty不是猫蛋糕,5.0,临潼区芷阳新苑东区2号楼1单元9楼,40,431
老关中葫芦头泡馍,4.3,新城区南新街恒星大厦一楼,20,1692
名京九味（锦程苑店）,3.6,未央区未央路110号（名京-九合院北底商）,29,877
重庆鸡公煲,4.6,临潼区吊庄路美隆宾馆楼下,24,505
百姓厨房（友谊东路店）,3.8,碑林区友谊东路8号（交大南门斜对面）,52,963
品啡客,4.5,雁塔区科技路西口都市印象18栋0111室（肯德基后门20米）,25,506
云蒙过桥米线（蓝天路店）,4.1,阎良区蓝天路锦绣名苑门面房,14,704
恬时间,4.3,未央区未央路印象城5幢2407,44,374
巷子火锅,3.9,长安区北长安街与凤栖路交叉口（韦区灯具厂十字向南200米路东茗景城小区）,44,1125
小俩口汉中鱼庄.串串香（纬二街店）,4.4,雁塔区雁塔西路161号世纪经典A座一层西侧,62,1331
Sevilla cake塞维利亚蛋糕（高新三路店）,4.3,雁塔区高新三路财富中心二期C座1508室,91,287
苏浙会馆（大庆路店）,4.2,莲湖区大庆路136号（土门工人文化宫隔壁）,78,570
大雄家,4.4,灞桥区思源商业街114号,17,601
码头故事（响塘店）,4.4,雁塔区团结南路与德兴巷交叉口响塘广场C座3层,68,2855
上岛咖啡（小寨店）,4.3,雁塔区雁塔西路161号德朗商务酒店二楼（世纪经典）,48,1401
米多多烘焙屋,3.9,雁塔区长安路177号海港城1楼,38,945
关中小厨坊（大明宫万达店）,3.7,未央区太华北路369号万达广场3层,47,2023
旺客基黄焖鸡米饭（南窑头店）,4.7,雁塔区科技四路南窑头社区东区34排5号（通信管理局对面）,15,2002
辣条印象,4.7,长安区韦曲北街与长兴北路交叉口向南70米路东（汉庭酒店对面）,10,1355
和记糖水店（钟楼店）,4.1,碑林区西大街东口丽晶酒店一楼（靠近五环工厂体育店）,15,655
咪咪川菜（太乙路店）,4.9,碑林区太乙路南段甲字1号（太乙路与友谊东路交口）,51,835
拾贰号集装湘,4.1,新城区长乐中路西北国际茶城4楼4-25号,40,820
祥和虾馆,4.6,阎良区大良路3号,41,474
赵家腊汁肉（胡家庙店）,4.2,新城区东二环路与长缨西路交叉口东行100米路北,17,3334
大自在火锅（金莎国际店）,4.0,雁塔区长安中路65号金莎国际购物广场4层,89,5402
麦德房（端履门店）,3.9,碑林区端履门路北卧龙大厦1楼（西安高级中学西侧）,19,517
山城小厨（华旗国际广场店）,4.0,雁塔区长安中路97号华旗国际广场负一层A18商铺（魏家凉皮对面）,22,5349
真功夫（西安新世界店）,4.0,莲湖区北大街88号宏府嘉会广场新世界百货负2楼,25,3228
丹荔轩酒店,4.1,雁塔区高新区高新三路2号海佳云顶3楼,57,528
西安调调有家手擀面（万科生活广场店）,3.5,长安区西长安街919号万科生活广场A座2层,25,764
西安烤鸭店（369烤鸭王店）,4.1,碑林区兴庆路中段25号（兴庆公园东门正对面）,68,1879
唐安餐饮（唐安酒店）,4.3,未央区文景路89号唐安酒店3层,52,537
全口福大盆骨大碗面,4.3,高陵区泾渭北路中段90号（店子王村）,31,207
秦唐一号西安菜馆,4.1,碑林区东木头市176号秦唐一号酒店1-2楼,49,2304
川魏道老灶火锅（三桥店）,4.5,未央区三桥地铁口向南100米金桥国际3F（三桥工商银行）,55,3169
彭福记我家菜馆（白沙路店）,4.0,高新区光华路与白沙路十字的西南角（西安市第五十三中学隔壁）,46,487
艺华蛋糕,4.4,莲湖区大庆路690号,15,369
陕味葫芦头,3.8,未央区西咸路三桥启航时代广场商业步行街北口正对面,18,622
尚老幺跳水鱼,4.1,莲湖区团结东路35号（劳动公园南门西侧50米路北）,55,705
御品皇三汁焖锅（户县店）,3.3,鄠邑区大十字旁停车场西峰商贸二楼（近德克士）,61,1051
石锅鱼小竹签烤肉（建工路店）,4.0,雁塔区建工路12号西3号行知幼儿园旁,44,452
四季荟,4.7,碑林区长安北路14号（省体育场南侧近美术博物馆、近南二环）,197,2535
私房菜煎饼屋,4.1,高陵区鹿歌路与东二环路十字向西10米路南,30,470
咖啡陪你caffebene（交大东南门店）,3.9,碑林区兴庆南路西安交通大学东南门（近中国工商银行）,33,481
老潼关肉夹馍,4.0,雁塔区唐兴路与高新六路交叉口东辛庄小区24排7号,13,248
华创假日酒店·润德私房菜,4.2,莲湖区沣惠南路与大寨路交口西北角（牡丹苑西侧）,45,606
英伦御品（科大店）,3.4,未央区太华北路科技大学时代广场1楼（美尚造型旁边）,18,1559
牛尚锅串串香,4.1,长安区韦曲北街安景苑小区门面房,58,2406
新疆风味餐厅·原安东街26年老店,3.5,碑林区建东街东口和经九路丁字路口西南角（乐居场A4区206号）,54,569
巧手厨娘（广安路店）,4.3,未央区广安路中段玛格波罗酒店一楼（中铁七局对面）,39,2501
强氏喜阿婆粥饼店（东仪路店）,3.5,雁塔区东仪路北段（西安市第46中学南50米）,37,947
阿Q虾尾（菊花园总店）,3.7,碑林区东厅门23号,50,816
双城乡铁锅炖羊肉（莱安逸境店）,4.3,雁塔区唐延北路1号莱安逸境2F层,86,394
膳当家黄焖鸡米饭（西安工业大学店）,4.6,未央区太华路西安工业大学东门苏席商业中心1楼1025号,17,2137
云尚咖啡茶语,3.9,雁塔区朱雀大街19号南方星座D座二层,57,505
同興福牛羊肉泡馍,4.5,碑林区朱雀大街67号（交通银行对面）,24,669
牛祥天下·中國蘭州牛肉拉麵泡馍（小寨店）,3.8,雁塔区兴善寺东街天佑医院隔壁（近安琪医院）,17,1477
金牌铜锅,4.4,未央区凤城南路与文景路交叉口东北角,30,199
生日饼屋,4.5,蓝田县三十米路建设银行斜对面（自来水公司对面）,15,464
有酸有辣,3.7,雁塔区吉祥路吉祥小学2楼（比格比萨，吉祥小学）,37,944
恒河印度餐厅,4.3,雁塔区大雁塔南广场东南角3幢1单元10104室（蓝色莲花酒吧海底捞）,57,353
黑面蔡（西市城购物中心店）,4.6,莲湖区劳动南路1号西市城购物中心3楼6F3107,9,6295
辣动时代自助小火锅（桃园路店）,4.2,莲湖区桃园路街道桃园路附5号中国工商银行南50米（桃园路派出所）,26,672
君富莱大酒店,4.1,未央区北二环与文景路十字西南角（紧邻城北客运站）,59,945
新概念文景酒楼,4.1,未央区文景北路10号（文景路与凤城一路十字）西北角,54,631
千花寿司（灞业大境店）,4.4,灞桥区灞业大境西区商业街茶罢楼内,38,197
歌思泊咖啡,4.4,碑林区长安北路118号中贸广场B区B-1-14室,29,1236
聚宾楼,4.0,雁塔区沣惠南路18号西格玛大厦,60,1481
东关吉祥腊汁肉夹馍（北关店）,3.8,新城区自强东路华茂商厦B座1层,11,2440
老城印象餐厅,4.3,莲湖区龙首南路1-7号（龙首村十字南100米路东向里50米）,35,1110
陈二毛肥牛火锅（东郊店）,4.1,灞桥区半坡路155号（半坡博物馆对面）,68,934
李先生（西安火车站店）,4.5,新城区解放路181号,22,1598
大海子西府民俗村（高新店）,4.1,雁塔区科技路1号紫薇龙腾新世界2楼,45,775
京顺福涮锅,3.9,碑林区东大街东二道巷招商银行旁（近阿房宫维景国际大酒店）,46,970
嘉华鱼火锅,4.1,长安区北长安街224号（嘉华商务酒店旁）,35,737
孔乙己小馆（王府井百货店）,3.6,碑林区南关正街88号西安王府井百货六层,82,490
黄食福（唐都店）,4.6,灞桥区新寺路唐都医院向西50米（恒泰宾馆一楼）,41,957
晋味轩（万兴广场店）,4.4,灞桥区纺正街万兴广场三楼262号,46,1009
7石咕噜鱼 纸包鱼（郭杜东街店）,3.8,长安区长安县郭杜镇郭杜东街樱花西苑1-106（郭杜医院，郭杜街办斜对面）,62,480
雲盖茶（汉神购物广场店）,4.4,未央区凤城八路与文景路交叉口西南角汉神购物广场5层,17,3725
国人川菜（高新店）,3.9,高新区高新路南段86号领先时代广场A座3楼（近旺座现代城）,48,338
秦州锅贴馆（建国路店）,4.7,碑林区东十道巷9号东侧,19,563
鸭掌门特色火锅（周至店）,3.3,周至县农商街城隍庙向西20米路南,31,995
怡香秦豆皮涮牛肚（立丰国际店）,3.7,碑林区东二环路立丰国际6楼,50,4935
康美澄城水盆羊肉,3.8,灞桥区浐灞大道浐灞半岛A15-17号底商10101号（浐灞商务中心）,24,401
川渝人家（时尚店）,4.3,雁塔区电子正街118号（汉唐足浴南行20米）,49,500
七婆串串香火锅（李家堡店）,4.4,灞桥区米秦北路李家堡商业街万家和购物广场西门楼（原酒十路店）,37,259
川味轩（八府庄店）,3.9,新城区东元西路八府庄小区门面房（元丰怡家小区对面）,25,727
西岸人文咖啡馆,4.6,蓝田县蓝新路南段宏辉城市坐标商业楼二楼,36,230
国力仁和川菜（李家村店）,4.0,碑林区李家村万达广场北侧煤研大厦二楼,51,1697
康利来烘焙,4.1,高陵区东方红东路与西韩街交叉口西160米路南,27,633
紫鑫阁饭庄（长安店）,4.1,长安区广场西路19号,81,387
花之林人文茶馆私房菜（凤城八路店）,4.7,未央区凤城八路与文景路十字交叉口向西200米,57,1219
鸿福川菜鱼,4.0,长安区潏河路广天苑小区南大门以东向西排列第八户门面房,30,144
青都里·司厨（大唐通易坊店）,4.1,雁塔区西安曲江新区雁塔西路大唐通易坊2号,131,1096
70年代土灶台餐厅（阎良旗舰店）,4.2,阎良区前进西路飞天厨具北50米,40,220
新元海鲜粥城（西稍门店）,4.5,莲湖区劳动南路老机场锦园路东口,62,1109
李想大虾火锅花园,4.5,阎良区大良路东段航苑小区17区东门对面（蜀味轩串串香隔壁）,48,2770
逸果（万和城购物中心店）,4.3,新城区胡家庙十字西北角长缨西路1号万和城购物中心6楼（胡家庙万和城六楼逸果饮品店）,10,1615
老北京涮锅,4.3,莲湖区东举院巷13号（贡院门小学向北10米）,50,191
天朗森柏大酒店,3.7,雁塔区丈八北路380号（科技路与丈八北路十字西南角）,86,474
喵cafe·猫咪咖啡（含光店）,4.6,莲湖区冰窖巷20号（冰窖火锅东30m对面）,27,133
新鲜空间蛋糕,4.5,雁塔区科技二路甘家寨新村东3排29号楼3单元,60,593
宗江小阁宴贵宾楼（贵宾楼）,3.8,新城区咸宁中路313号付1号,58,80
DAIYA黛雅原装进口蛋糕（高新店）,5.0,雁塔区高新路16号临街商铺202室（丽华科技大厦旁边）,129,1440
荒岛咖啡厅,4.9,碑林区雁塔北路李家村万达广场一栋一单元822室（地铁A口）,28,327
青都里日本料理（东二环店）,4.1,碑林区东二环南段1号粤好海皇酒店5楼（东二环南段路西）,104,1528
美蛙耗儿鱼天天小厨（长乐公园店）,4.7,碑林区金花北路39号景观路就掌灯三佰幅商业街1F107号,58,230
味道私语（红旗小区店）,3.9,阎良区研飞巷红旗小区红旗酒楼1楼,30,455
味品轩西饼屋（西北大学店）,4.6,碑林区友谊西路与太白北路十字东北角,50,333
韶山村湖南土菜馆,3.8,长安区长兴北路与韦曲北街交叉口西行110米路北,27,213
赵记腊汁肉店（凤华路店）,4.5,未央区凤华路中段文景观园底商,15,2997
民俗百家姓饭店,3.8,灞桥区纺二路与纺织城正街交叉口东北角,43,642
丽都名人食府,4.0,雁塔区科技路西口向北200米（丽都商务酒店1楼）,52,1439
名典咖啡语茶（长安店）,3.7,长安区西长安街钼都大厦裙楼2-3层（近西长安街）,56,593
壹家韩品（中贸广场店）,4.4,碑林区中贸广场15号楼1层,28,1051
大秦老碗搅团（大秦店）,4.9,未央区天台路大秦七十二坊东排1-2号,53,364
清真华宇开锅羊肉,4.8,未央区凤城五路与明光路十字西南角刘家村社区A楼2F,67,569
澄吉轩澄城老孙水盆羊肉（光华路店）,4.4,雁塔区光华路东段（太白南路光华路十字东100米）,25,823
迈德思客（子午镇店）,3.8,长安区子午北街子午万家超市门口,17,579
锅总裁傻得冒·冒菜,4.1,灞桥区纺织正街与纺六路十字西北角,25,1814
重庆鸡公煲（盛世商都店）,4.3,长安区西北政法大学西门对面盛世商都负一层（面向中国航天504研究所）,31,271
三味渔府（红庙坡店）,4.6,莲湖区星火路14号海纳汉唐御府小区商铺四楼（老城根向南100米路西）,84,494
迈德思客（思源学院店）,4.2,灞桥区敏行路思源学院综合楼1楼（篮球场西侧）,14,94
真爱骊山之大秦小宴,4.4,临潼区凤凰大道15号（近西安至临潼高速临潼出口）,115,854
玖味香煎饼屋（交大店）,4.2,碑林区友谊东路8号（交大南门向东200米路南）,35,459
百代鸡（北大街秋林店）,4.3,新城区新北大街167号西安秋林宏业商厦1层,22,1045
澄城水盆羊肉,3.8,雁塔区含光路南段美院向北100米路西（近罗家寨村）,25,733
鮮芋仙（新世界百货店）,4.2,莲湖区北大街1号（近地铁2号线钟楼站A口出口）,28,797
大自在火锅（三桥店）,4.4,未央区三桥和平村十字西南角伯乐城市广场6层,82,1138
70年代土灶台,3.9,临潼区万年路与体育路十字交汇处东北角,30,334
骊山十三花民俗餐厅,4.5,临潼区108国道骊山新家园广场窑洞群,61,206
米旗（科技路西口店）,3.7,雁塔区科技路西口华润万家对面（近肯德基）,22,589
田味记秘制花甲,4.9,碑林区振兴路爱菊厨房旁,20,916
辣人张传奇菌香大盘鸡大盆骨（建章路总店）,4.4,未央区三桥建章路民航学院向北200米路西北双凤村对面,25,1180
阿庆驴肉馆,4.3,未央区凤城四路东段雅荷四季城北门CS10103号,63,96
LJ重庆鸡公煲,4.3,长安区西安电子科技大学长安校区北门,25,392
千福聚北京果木烤鸭（三桥店）,4.2,未央区三桥安置新村6排1栋3号（三桥地铁站B口西行500米）,17,1157
绿梦（金花路理工大店）,4.2,新城区东二环路西安理工大学东门斜对面,20,3918
客满堂石锅鱼,3.9,临潼区东三岔秦陵北路维也纳国际酒店旁,30,1091
花之林人文茶馆私房菜（高新店）,4.4,雁塔区庄严巷高新路86号,54,1093
老跳跳水鱼· 馋嘴蛙,3.6,莲湖区老机场巷丰庆苑小区斜对面,83,3046
麟州香铁锅炖羊肉•地道陕北菜,3.9,雁塔区北池头一路曲江海洋世界北100米（中国银行旁）,95,90
子午路张记（立丰国际店）,4.3,碑林区金花南路58号立丰国际6楼,20,1535
星宇轩酒楼,4.2,未央区凤华路文景观园16号原丽轩大酒店门店（近明光路）,30,73
龙城韩式烧烤,4.9,雁塔区电子一路98号（石油大学后街）,59,1221
红堡REDFORT（大唐西市总店）,4.9,莲湖区劳动南路大唐西市118号丝绸之路风情街红堡印度区（中影国际影城楼下，英伦时光咖啡，杏记甜品）,63,254
澳门德兴海鲜火锅（华融店）,3.9,碑林区南二环西段21号华融国际商务大厦四层,112,598
子午路张记·米饭铺子（边家村店）,3.9,碑林区太白路188号,15,1117
知一咖啡馆（南大学城店）,4.3,长安区西长安街919号万科生活广场B座1层,44,225
君泽邑茶庄,4.2,雁塔区太白南路与电子二路西口十字天桥对面（西安文理学院东门）,50,181
（火）叁宝烤肉（含光路店）,4.3,碑林区友谊西路与含光路十字北50米路西强氏喜阿婆隔壁,49,255
辣动时代自助小火锅（工农路店）,3.9,莲湖区工农路3号（工农路小学向南10米）,31,430
方欣红霓·欧华堂中餐厅,4.6,莲湖区大兴东路88号,59,323
懒小萌三汁养生焖锅,4.8,莲湖区丰禾路鑫苑大都汇商场四楼,63,2542
宗江大酒楼,4.1,雁塔区电子四路二〇五所社区对面,60,127
百代鸡（新东尚店）,3.9,新城区韩森路新东尚西区4号楼1层,20,856
马记擀面皮,4.9,雁塔区长安南路外国语院门口,6,437
陈府汉中菜（铁通商务店）,4.7,雁塔区南二环西段98号铁通商务酒店2楼（太白立交旁）,56,1067
迈德思客（余下店）,3.5,鄠邑区中心南街61号秦丰棉织厂南20米,16,332
唐筵酒肆,4.3,雁塔区唐延路25号银河产业科技园1楼（近科技三路）,67,128
吉美诺手感烘焙,4.4,新城区幸福北路11号门面,38,638
祥丰饺子馆,4.4,未央区浐灞大道A15区18号楼10201商铺,17,457
斯威特蛋糕,5.0,阎良区文化东路与公园街交叉口向西50米路南,20,984
川渝人家（木子园店）,4.3,新城区建工路中段9号,49,263
蘑菇爱上饭（科技四路店）,4.1,雁塔区科技四路南窑头西区69排4号,18,129
毛师傅新疆椒麻鸡（大唐西市店）,4.9,莲湖区大唐西市西市北路加油站对面老机场便民市场内,35,112
大鼓米线（西安万和城DM店）,4.0,新城区长樱东路与金花路交叉口（华东万和城五层）,30,1863
艾米DIY蛋糕店,4.9,莲湖区永新路15号新都花园3号楼一单元9楼E户（近龙首村）,58,256
四云奶盖贡茶（凯德广场店）,4.6,雁塔区南二环朱雀路转盘西南凯德广场负1层（近凯德广场西门，Tata）,14,2683
兰蒂雪（李家村店）,4.5,碑林区雁塔路中段13号（建筑科技大学内自强大道）,9,144
宽塘·蛙哥虾妹（万和城店）,4.2,新城区长缨西路胡家庙十字华东万和城5楼,67,1723
广信猪骨煲·猪肚鸡（万和城购物中心店）,4.9,新城区胡家庙十字西北角长缨西路1号万和城购物中心4楼北头,66,1280
桑娅军农家乐,5.0,长安区上王村古镇东三街115号,40,32
雷师傅大灶台,4.7,灞桥区新筑街道十字路口向西50米（新合税务所对面）,38,95
乡党臊子面（丰庆公园店）,4.9,莲湖区桃园南路丰庆公园东北角（丰庆宫酒店院内）,30,3817
核桃树餐厅（春秋舍设计师酒店）,4.9,灞桥区纺西路238号半坡国际艺术区内春秋舍设计师酒店一层（近半坡地铁站）,50,135
鹿港小镇（赛格国际店）,3.5,雁塔区长安路123号赛格国际购物中心7楼,73,2587
福亭日式拉面,4.9,碑林区李家村万达一栋二单元29层2904室（近小憩驿站酒店）,28,226
海升酒店国食天香中餐厅,4.9,雁塔区高新区沣惠南路34号（近西安工业科技学院）,95,389
晋运胡子大盘鸡拌面,4.2,灞桥区弘知路与敏行路交叉口向南38米,20,209
盛夏光年蛋糕理想国,5.0,鄠邑区人民路冠沣国际北门口,9,472
众家灯火煎饼·家常菜（省体育场店）,4.4,碑林区长安北路省体育场东门北侧体育用品广场二层,34,1830
辣呦（南二环店）,4.6,碑林区南二环路246号,49,1736
伯爵工房（响塘路店）,4.9,雁塔区科技路与丈八北路十字东北角（华润万家超市西门1203）,43,1159
怡景小厨,4.6,莲湖区怡景花园酒店7楼,42,670
红天下地摊鱼火锅·黄食福（咸宁东路店）,4.3,灞桥区咸宁东路429号（近揽月楼）,46,313
富森中国菜,4.1,碑林区东大街菊花园9号富森城市酒店1楼（东大街西安饭庄、中国银行路口）,44,252
渔歌·活鱼现烤（西市城购物中心店）,4.1,莲湖区劳动南路1号西市城购物中心3楼,49,5936
金三顺紫菜包饭（万和城店）,4.1,新城区长缨西路万和城负二层4F-230,19,1938
思香特西点屋,4.5,高陵区东方红路110号外贸商城对面（宏博小区隔壁）,30,363
鑫和炝锅鱼（大寨路店）,3.8,雁塔区大寨路与丈八北路交叉口东南角新乐城商铺二楼,43,2139
重庆四座火锅,4.0,新城区兴庆北路219号4幢3层20301号,79,460
永阳坊艺术餐厅,4.8,雁塔区太白南路与丈八东路交叉口西北角高山流水·和城6幢,80,168
小阿妹米线（南门店）,4.6,碑林区仁义路宏信国际花园西门旁,20,1882
草根擀面（高新六路北口店）,4.7,雁塔区科技路米罗蓝山西南角（靠近进家门）,16,2880
鸿瑞餐厅,4.3,雁塔区唐延路与丈八东路交叉口东北角山西省妇女儿童活动中心院内,65,99
雕刻时光咖啡馆（师大路店）,4.6,雁塔区雁塔路师大路41号（二楼西侧）,45,267
那家土灶（二分店）,4.7,长安区210国道沣峪口紫薇山庄斜对面,71,126
清真·老义烤肉（明德门店）,4.0,雁塔区明德西路10号新天地小区前排,36,490
外婆印象（交大店）,4.3,碑林区兴庆路159号常春藤花园商业街E–1–1（常春藤花园南区北门口）,40,1951
吉米屋,4.6,灞桥区狄寨街道思源商业街,30,184
小滇锅过桥米线（西市城购物中心店）,4.3,莲湖区劳动南路1号西市城购物中心B1楼,24,3161
ZOO COFFEE（曼蒂广场店）,3.9,雁塔区雁南一路9号曼蒂广场2层（大唐不夜城新乐汇民生百货东侧）,35,306
荷花餐饮,4.1,莲湖区含光门里甜水井街101号（甜水井十字东南角）,40,1830
姥家大锅台,4.6,雁塔区天坛西路丁字路口向南150（秦湘宴旁）,53,272
香八度西饼店（现代学院店）,4.5,长安区西北大学现代学院内（大学生超市隔壁）,19,269
外婆印象（含光店）,4.4,碑林区含光北路23号九锦台北区3楼,48,1911
清真大城小味旋转火锅,4.7,莲湖区西大街大学习巷37号（石家包子旁边）,31,2430
九点咖啡（咸宁西路店）,4.9,碑林区咸宁西路29号咸宁国际广场1单元1901（兴庆宫公园南门向西500米路北尊良口腔旁）,25,125
锦记老铜锅（玉祥门店）,4.9,莲湖区西北一路136号（广仁寺对面）,67,1338
火狼大盘鸡,4.8,莲湖区丰登路与团结东路丁字口向东50米路南,33,1582
萤初炉端烧（高新四路店）,4.6,雁塔区高新四路中段朗臣大厦1楼长安银行内,122,233
白记重庆鸡公煲麻辣香锅,4.0,长安区陕西师范大学书香广场一楼,25,113
赛拉维（太白印象城店）,4.4,碑林区太白北路太白印象城一楼,32,681
塞纳河法国餐厅（唐延路店）,4.5,雁塔区唐延路北段59号唐延鑫苑3号楼1幢,254,905
蜀石文化火锅店,4.5,阎良区迎宾北路北段路西（华盛宫酒店隔壁）,63,882
万德福蛋糕,4.4,高陵区泾渭路杨官寨菜市场后第三条街店门路东,15,92
玲珑雪蒸饺,4.4,临潼区东关街52号（东关街与人民东路交叉口南行100米）,40,878
中国重庆老版火锅（建西店）,4.1,碑林区建西街138号,76,2860
旺客基黄焖鸡米饭（西大街店）,4.0,莲湖区西安市莲湖区夏家十字小区柴家十字商业用房10号楼10120号,17,378
大家烤羊庄（长安店）,4.5,长安区滦镇上王村东五街（近环山路沣峪口转盘往东1.5公里）,111,81
粥王府,4.1,莲湖区西关正街83号（西门外西行100米路北）,47,3841
皇品聚葫芦头,4.7,雁塔区东仪路202号四十六中北隔壁,30,445
香辣土豆片夹馍,4.9,莲湖区龙首北路龙首原十字东南角人人乐超市负一层潮尚美食广场内,6,2208
威尔佳酒店秦粤轩餐厅,4.9,未央区朱宏路888号（鸵鸟王大厦向北50米路东）,42,160
上座火锅（曲江店）,4.4,雁塔区芙蓉南路芙蓉新天地3号楼4层（大唐芙蓉园南门对面）,96,338
瑞成名仕酒店（丈八东路旗舰店）,4.5,雁塔区丈八东路与东仪路十字西南角（近521医院）,161,53
京御煌三汁焖锅（赛格国际店）,4.5,雁塔区长安中路123号赛格国际购物中心7层（与小寨东路交叉口东北角）,72,11743
外婆印象（西五路店）,4.3,新城区西五路81号（省老干部活动中心一楼）,43,489
回坊人家（自强西路店）,4.4,莲湖区自强西路359号回坊人家（自强西路）,29,331
Mercado Gran Cafe梅卡尔多咖啡厅（盛美利亚酒店）,4.1,雁塔区曲江新区曲江池西路1666号，盛美利亚酒店1楼（大唐芙蓉园南门）,197,216
年代陕北,4.1,雁塔区芙蓉西路90号（大唐芙蓉园西门南对面）,54,283
秦八百里陕菜（龙湖星悦荟购物中心店）,3.9,雁塔区新开门北路888号龙湖星悦荟购物中心3层,33,423
奈九居酒屋（高新总店）,4.0,雁塔区科技路50号金桥国际广场1层（星巴克，东东包）,105,663
旺客基黄焖鸡米饭（西大街店）,4.0,莲湖区西安市莲湖区夏家十字小区柴家十字商业用房10号楼10120号,17,378
大家烤羊庄（长安店）,4.5,长安区滦镇上王村东五街（近环山路沣峪口转盘往东1.5公里）,111,81
粥王府,4.1,莲湖区西关正街83号（西门外西行100米路北）,47,3841
皇品聚葫芦头,4.7,雁塔区东仪路202号四十六中北隔壁,30,445
香辣土豆片夹馍,4.9,莲湖区龙首北路龙首原十字东南角人人乐超市负一层潮尚美食广场内,6,2208
威尔佳酒店秦粤轩餐厅,4.9,未央区朱宏路888号（鸵鸟王大厦向北50米路东）,42,160
上座火锅（曲江店）,4.4,雁塔区芙蓉南路芙蓉新天地3号楼4层（大唐芙蓉园南门对面）,96,338
瑞成名仕酒店（丈八东路旗舰店）,4.5,雁塔区丈八东路与东仪路十字西南角（近521医院）,161,53
京御煌三汁焖锅（赛格国际店）,4.5,雁塔区长安中路123号赛格国际购物中心7层（与小寨东路交叉口东北角）,72,11743
外婆印象（西五路店）,4.3,新城区西五路81号（省老干部活动中心一楼）,43,489
回坊人家（自强西路店）,4.4,莲湖区自强西路359号回坊人家（自强西路）,29,331
Mercado Gran Cafe梅卡尔多咖啡厅（盛美利亚酒店）,4.1,雁塔区曲江新区曲江池西路1666号，盛美利亚酒店1楼（大唐芙蓉园南门）,197,216
年代陕北,4.1,雁塔区芙蓉西路90号（大唐芙蓉园西门南对面）,54,283
秦八百里陕菜（龙湖星悦荟购物中心店）,3.9,雁塔区新开门北路888号龙湖星悦荟购物中心3层,33,423
奈九居酒屋（高新总店）,4.0,雁塔区科技路50号金桥国际广场1层（星巴克，东东包）,105,663
