Column 1,Column 2
石卒从心·碎怂烤肉（西咸吾悦店）,4分 未央区昆明路与西宝疏导线交叉口西北角吾悦广场7楼人均￥63
鑫海汇海鲜烤肉火锅自助（立丰国际店）,3.9分24614条评论 碑林区金花南路6号立丰国际购物广场6层人均￥57
蝎王府羊蝎子（西稍门店）,4.9分9622条评论 莲湖区西稍门向北50米路东（开元商城对面）人均￥58
锡林阿玛冰煮羊（半坡·华夏·幸福里店）,5分59条评论 灞桥区华夏·世纪广场华夏幸福里4楼人均￥88
乔福记香菇面,4.9分13341条评论 未央区凤城九路与文景路十字向西50米人均￥17
云贵过桥米线（车城花园店）,5分6690条评论 高陵区车城花园东门南50米西安银行隔壁人均￥15
太二酸菜鱼（大融城店）,3.1分 未央区经开区凤城七路与凤城八路之间张家堡环岛东南角大融城L5层26室人均￥85
西安君乐城堡酒店·雅庭西餐厅,4.6分2676条评论 碑林区环城南路西段12号西安君乐城堡酒店（近南门广场）人均￥89
荣辉园自助火锅,3.3分2835条评论 未央区北大学城景家十字香槟国际底商2楼人均￥37
同福龙虾（曲江店）,4.2分18条评论 雁塔区曲江新区曲江池东路1号万众国际商业中心下沉广场B01区人均￥169
比格比萨自助（新世界时尚广场店）,4.9分24845条评论 莲湖区北大街新世界时尚广场3层001人均￥55
口口私房锅（立丰国际店）,4.9分513条评论 碑林区东二环立丰国际公寓南隔壁立信公寓709室人均￥59
天天爸爸的蛋糕店,3.6分4条评论 未央区陕西省未央区恒大帝景二期11号楼2单元1层商铺人均￥41
李记搅团（三桥店）,4.9分2697条评论 未央区沣东新城双拥路金桥国际人均￥48
乡村基（丈八北路店）,4分5310条评论 雁塔区丈八北路540号华润万家1楼人均￥25
蜀儿郎市井串串（西沣路店）,4.6分23条评论 高新区西沣四路竹园阳光嘉苑南门西50米商铺人均￥45
尚学社的理想书店,5分585条评论 雁塔区陕西省西安市雁塔区科技路195号世纪颐园B座10201号人均￥26
欧味轩艺术蛋糕,4.9分4430条评论 长安区南长安街樊家十字112号（人人家超市对面）人均￥40
农耕年华清真农家菜,4.8分13条评论 长安区238乡道王曲街道西王曲村人均￥60
盛秦阁泡馍,4.9分2350条评论 未央区红旗东路2号人均￥29
食色火锅（李家村店）,4.4分1026条评论 碑林区雁塔路北段李家村购物中心1栋1单元2410室（李家村购物中心旁边雅居酒店进）人均￥60
大福咖啡（都市之门店）,4分7条评论 雁塔区锦业路都市之门D座东侧一层人均￥24
澄城崇斌水盆羊肉（后宰门店）,4.9分3467条评论 新城区后宰门与北新街交叉口向西20米路南（筑梦幼儿园对面）人均￥25
千家粗粮王（凤城二路店）,4.8分28837条评论 未央区未央路125号第五国际A座3楼（近地铁图书馆站C出口）人均￥64
朝阳门涮肉·烤肉·江湖菜,4.9分2550条评论 新城区永乐路西口291号人均￥64
蘑菇爱上饭（小寨店）,4.6分17537条评论 雁塔区长安南路237号路东（西安音乐学院对面）人均￥17
金迈源自助涮烤王,4.2分19413条评论 碑林区咸宁中路华润万家旁（乐宁会购物广场4楼）人均￥50
鱼酷活力烤鱼（阳光城店）,4.9分2175条评论 长安区创业大道9号阳光天地商场三层03-07单元人均￥69
火焰山牛排海鲜自助美食汇（西市城购物中心店）,4.2分7173条评论 莲湖区劳动南路1号西市城购物中心B1楼人均￥72
花腰部落（陕师大店）,4.3分3181条评论 雁塔区师大路27号邮局东侧（邮局旁）人均￥39
御窑火锅串串香,4.3分2138条评论 碑林区永宁路大话南门小区5号楼商铺1-01人均￥54
澄城水盆羊肉（大寨路店）,3.8分3279条评论 雁塔区大寨路旭景碧泽园南门斜对面人均￥21
西安新兴温德姆酒店餐厅,3.5分408条评论 新城区金花北路189号新兴温德姆酒店4楼人均￥150
米浓蛋糕店（李家村店）,4分79条评论 碑林区体育场北路体育场家属楼3号（近省体育场东门）人均￥23
建国饭店·蓉园川粤坊,4.9分7557条评论 碑林区互助路2号建国饭店1楼人均￥57
聚珍园（南二环店）,3.9分681条评论 碑林区南二环东段88号武警医院对面人均￥38
龙虾十八香羊蝎子纸包鱼（凤城二路店）,4.8分64条评论 未央区凤城二路岗家寨小区北苑门口人均￥88
老刘家牛羊肉泡馍（立新街店）,4.9分6738条评论 莲湖区立新街27号（近八一街小学）人均￥22
M12铁板餐厅（赛格国际店）,4.9分9389条评论 雁塔区长安中路123号赛格国际购物中心7层人均￥81
That Girl 创意蛋糕（西稍门店）,4.4分27条评论 莲湖区丰庆路建新村189号人均 -
易居小笼,4分3144条评论 未央区大明宫街道北二环长安易居24号楼人均￥25
姥家大锅台（太华路店）,4.4分117条评论 新城区太华路银河坊小区一直向东紧临铁道八府庄园商业街二路（含元路新城法院紧临铁道口向北1000米八府庄园二楼）人均￥56
江湖渔道,5分42条评论 莲湖区梨园路蔚蓝生活广场12-1-0126人均￥94
Giacomo's手风琴西餐厅（兴庆南路店）,4.9分3330条评论 碑林区皇甫路兴庆南路159号常春藤花园商业街3-1-7（常春藤商业街区西区南门）人均￥57
薛垻子重庆老味火锅（永松路店）,4分4148条评论 雁塔区永松路永松路5号大院人均￥57
Dirty Hertz 得体赫兹,4.5分3条评论 雁塔区芙蓉西路90号商铺（花间堂·忆昔酒店内）人均￥121
天台牛排主题餐厅,4.9分3082条评论 碑林区长安北路89号中信大厦27层顶西户人均￥97
金花豪生国际大酒店西餐厅,4.2分1479条评论 碑林区环城南路西段18号金花豪生国际大酒店内（南门）人均￥115
悦豪邻居美食K歌创造快乐（长安店）,4.1分62条评论 长安区西长安街万科生活广场三楼人均￥59
螺小胖柳州螺蛳粉（钟楼店）,4.9分11223条评论 碑林区碑林区端履门十字西南角钟楼书店背后云龙大厦1楼红色门头人均￥12
老徐记葫芦头泡馍店,3.7分3152条评论 新城区东六路与解放路交叉口（天顺大酒店对面）人均￥15
兰湘子.湘菜小炒（中贸广场店）,4.9分948条评论 碑林区南稍门南关正街中贸广场餐饮楼二楼人均￥50
李记搅团（丰庆公园店）,4.9分3629条评论 莲湖区丰登南路2号伟基大厦2F（丰庆公园西门对面）人均￥44
佛伦萨·古典火炉披萨（小寨店）,4.9分1258条评论 雁塔区兴善寺西街飞旋广场西南角派出所隔壁人均￥63
意料之中·披萨研究所（万和城店）,4.8分16条评论 新城区西安市新城区长缨西路1号万和城购物中心四楼中厅（港式洋葱餐厅旁）人均￥33
西安高新希尔顿酒店•咖啡露台西餐厅,4.9分1835条评论 雁塔区沣惠南路22号1楼西安高新希尔顿咖啡露台西餐厅人均￥126
川府锦绣（西荷花园店）,4.1分384条评论 碑林区劳卫路西荷美食商业街北区2楼（近红星美凯龙）人均￥49
金刚精酿啤酒 kingkong,3.5分1条评论 长安区艺术大街紫薇田园都市E区（永辉超市隔壁）人均 -
上岛咖啡（东二环店）,3.9分3479条评论 碑林区韩森路9号（东二环互助路立交东北角）人均￥53
济州家韩国自助烧烤,4.6分2157条评论 雁塔区丈八三路绿地中央广场2层213号人均￥62
兰湘子·湘菜小炒（民乐园店）,4.9分343条评论 新城区解放路111号民乐园万达广场5楼502-B503号人均￥51
塞纳左岸咖啡（未央路店）,4.2分4596条评论 未央区未央路98号（西安市档案馆正对面，大明宫西站B出口向南50米）人均￥56
金三顺紫菜包饭（太奥广场店）,3.8分4368条评论 莲湖区沣惠路北段7号太奥广场7号楼2层人均￥25
悦豪美食k歌聚会馆（和平门店）,4.9分48条评论 碑林区和平路10号人均￥71
同盛祥（钟楼店）,4.6分13768条评论 莲湖区西大街5号（近钟楼）人均￥57
建国饭店中餐厅,4.9分124条评论 碑林区互助路2号建国饭店1楼人均￥102
美佳蛋糕（未央路凤城二路店）,5分338条评论 未央区凤城一路岗家寨商业中街西排十二号人均￥80
卡米乐西饼屋,4.8分348条评论 长安区常宁大街何家营新村教院东门口向南30米人均￥30
欧美特蛋糕,4.9分691条评论 雁塔区丈八六路余家庄3排1号人均￥42
锡林阿玛冰煮羊（大雁塔历史博物馆店）,4.8分250条评论 雁塔区雁南一路与翠华路交叉口西北角玺岸广场三楼海底捞旁人均￥85
麦香手擀面,3.8分331条评论 未央区西咸路501号人均￥14
东方宫兰州牛肉拉面,4.9分5005条评论 未央区凤城六路与未央路十字向西200米路南（维也纳酒店对面）人均￥15
福苗小骆驼烧烤（莲湖路老店）,3.4分23条评论 莲湖区莲湖路莲湖公园北门对面长安银行东侧人均￥86
帕帕亚Papaya意大利餐厅（南门店）,4.5分881条评论 碑林区南关正街89号帕帕亚意大利餐厅3楼（SKP向南50米）人均￥102
小六汤包（兴庆南路店）,4.9分711条评论 碑林区兴庆南路159号快时尚商业街E号（近华润万家）人均￥41
美佳蛋糕（钟楼东大街店）,5分176条评论 碑林区南柳巷25号人均￥80
清真·聚鲜阁威海海鲜私房菜,5分1039条评论 新城区长乐西路白马服饰广场A座2402室人均￥74
红透天自助涮烤（互助路店）,4.1分27455条评论 碑林区互助路26号2层人均￥38
太食獸泰式茶餐厅（赛格国际店）,4.9分264条评论 雁塔区长安北路赛格国际购物中心七楼人均￥109
山葵铁板烧,4.1分6710条评论 新城区北大街55号西华门十字东南角新时代广场2-3楼人均￥95
蜀渝香自助小火锅,4.3分1171条评论 雁塔区西安市高新区丈八街办甘家寨村东三排17号楼一单元一层门面房人均￥22
一刘烧烤·陕北羊肉面,3.6分 长安区gogo街区一层人均 -
妙妙涮羊肉（高新店）,4.8分2074条评论 雁塔区科技六路中段橡树街区A座一层(中国联通对面)人均￥83
豪上鲜文鱼庄,4.3分5484条评论 雁塔区锦业路与丈八三路交汇处东北角建设银行三楼人均￥84
锡林阿玛冰煮羊·烤肉（曲江大唐不夜城银泰店）,4.9分238条评论 雁塔区大唐不夜城雁南二路与新唐人街十字曲江银泰城A馆4楼南侧人均￥84
文老根米线（莱安逸境店）,4.4分3411条评论 雁塔区唐延路北段1号莱安逸境肯德基北20米路东人均￥22
Venus Cake 维纳斯蛋糕工坊（龙首村店）,3.8分16110条评论 未央区永福路北路祥福居底商人均￥36
5号酒馆,3分5条评论 雁塔区兴善寺东街长安中路65号人均￥88
猫咪餐厅（小寨店）,4.9分8833条评论 雁塔区兴善寺东街与长安中路交叉口金莎国际B座1011人均￥52
上岛咖啡（龙首店）,4.1分4147条评论 莲湖区龙首北路西段虹桥雅轩A座门面房人均￥74
美牛美客牛排餐厅,4.4分16条评论 灞桥区思源学院商业街润华超市二楼人均￥20
邢记·牛排咖啡,4分490条评论 未央区凤城一路西段明光路与文景路之间海璟台北湾南区（邢记烧烤三楼）人均￥52
月红仟禧自助涮烤（红旗店）,3.8分18776条评论 未央区风城八路卜蜂水晶卡芭拉西区2楼人均￥45
披着猫·猫咖,5分28条评论 雁塔区慈恩东路10号通善坊商铺（儿童需满十二周岁）人均￥52
胡记私房菜（魏家湾店）,4.1分291条评论 未央区凤城九路东口老魏家湾西南角二楼人均￥41
保尔森自助海鲜烧烤,4分36888条评论 未央区未央路68号时代明丰苑2楼人均￥50
长安大牌档之长安集市（赛格旗舰店）,4.4分12443条评论 雁塔区小寨东路赛格国际购物中心6楼西北角人均￥50
唐乐宫二十四节气调养火锅,4.5分1155条评论 碑林区长安北路75号唐乐宫人均￥107
糊涂记（新城广场店）,4.9分8285条评论 新城区南新街8号路西人均￥41
量贩式演艺餐吧SEXY,4.9分22条评论 碑林区南稍门中贸广场人均￥100
戴琳娜法国餐厅,4.7分3901条评论 莲湖区未央路27号龙首十字东南角荣民广场宫园壹号2801(陕西省商业联合会门口进)（龙首塬地铁C口）人均￥70
德国赫佰仕啤酒餐厅,4.9分106条评论 雁塔区高新4路16号，西安万豪行政公寓1层（朗臣公寓）人均￥90
麻门匠骨秘制羊棒骨（大寨路店）,4.8分78条评论 雁塔区大寨路与丈八北路交口东北角人人乐北20米人均￥80
润雨·尚品海鲜大闸蟹,4.3分1260条评论 碑林区友谊西路155号陕西省邮票公司办公楼5幢2楼西第四间人均￥51
味一米线（土门华东店）,4.3分3230条评论 莲湖区土门制药厂十字华东万锦城4楼人均￥20
雁鸣烤肉坊（大唐芙蓉园店）,3.5分5条评论 雁塔区芙蓉南路大唐芙蓉园南门B16号曲江书城正对面人均￥76
百富烤霸（西京医院店）,4.9分9505条评论 新城区长乐西路15号西京医院大门东侧双鱼商城1楼（民生银行旁）人均￥16
长安雅集大厦餐厅,4.7分406条评论 雁塔区长安南路84号长安雅集大厦内（与陕西社会主义学院同院）人均￥45
窄巷子陕菜馆（粉巷店）,4.4分1509条评论 碑林区粉巷20号人均￥46
伯爵工房蛋糕（凤城三路店）,4.2分5502条评论 未央区凤城三路东段百花家园10号楼底商公交站牌处（四海唐人街北门）人均￥30
傻得冒冒菜香锅,4.4分800条评论 莲湖区天朗大兴郡蔚蓝锦城10号楼，大兴医院斜对面（金芙蓉旁）人均￥19
幺妹儿重庆纸包鱼,暂无评分2条评论 莲湖区天朗·大兴郡蔚蓝君城人均 -
好口福私房菜,3.9分429条评论 未央区太元路华远君城3幢1单元10212室人均￥42
眉州东坡（金地广场店）,4.4分1523条评论 雁塔区曲江池东路999号金地广场3层人均￥59
蓉一锅豆花串串火锅,4.9分53条评论 灞桥区金裕青青家园（西区）人均￥36
禧旺自助涮烤（胡家庙店）,3.7分10104条评论 新城区东站路12号万源文体城5楼（长缨宾馆向北50米路西）人均￥48
道口烧鸡,4.7分125条评论 莲湖区星火东巷与星火路交叉口旁人均￥18
XOXO酒吧,4.6分17条评论 雁塔区龙城铭园二期人均￥50
呱呱叫民俗风味主题餐厅,4.7分406条评论 长安区210国道中石油加油站斜对面路东（沣峪口环山路转盘往南）人均￥68
麦香蛋糕,4.6分1630条评论 未央区西安工业大学未央校区东门苏席村15排3号人均￥30
XOXO酒吧,4.6分17条评论 雁塔区龙城铭园二期人均￥50
东来顺（交大店）,4.9分8758条评论 碑林区南二环与兴庆路十字东北角出版传媒大厦一层105室人均￥69
建国饭店绿茵阁咖啡厅,4.7分1587条评论 碑林区互助路立交2号建国饭店绿茵阁咖啡厅（近互助路立交桥）人均￥123
徽興記黄山臭桂鱼（曲江银泰城店）,4.4分35条评论 雁塔区雁塔南路银泰城B馆3楼人均￥73
馋莱客炸鸡汉堡（海棠店）,4.1分327条评论 灞桥区狄寨大学城商业街2号人均￥16
甜酷·星期五cake工坊（钟楼店）,4.9分792条评论 莲湖区甜水井街双仁府3号楼6栋00114号（艺术幼儿园往西100米）人均￥60
川寨子麻辣香锅冒菜（民乐园万达广场店）,3.5分2条评论 新城区解放路111号民乐园万达广场5楼人均￥35
苏福记（凤城三路店）,4.4分5150条评论 未央区未央路与凤城三路十字向西100米路南（市图书馆）人均￥47
Jane's garden 简的花园牛扒屋（简的花园）,4.4分2369条评论 碑林区太白路立交西北角人民法院隔壁丰润国际8楼观光电梯直达（南二环太白路立交近怡丰城向北50米）人均￥88
锡林阿玛冰煮羊（钟楼银泰店）,4.9分323条评论 碑林区西大街鼓楼对面银泰百货6层（地铁二号线钟楼站C口向西286米）人均￥90
怡咖啡·自助餐（香格里拉大酒店）,4.1分840条评论 雁塔区科技路38号乙香格里拉大酒店1层人均￥170
红透天自助涮烤（土门店）,4.1分19751条评论 莲湖区汉城南路旭景新港华东万锦城购物中心4楼（制药厂）人均￥45
金洲美食·浔味陕南,4分1条评论 雁塔区科技四路万科金域店人均￥72
彼德西餐（凯德店）,4.3分4085条评论 雁塔区二环南路西段64号凯德广场4楼4-19人均￥84
爱心蛋糕坊,5分1571条评论 鄠邑区人民路人人乐超市北侧巷内（朱雀广场东门里同一药店南侧）人均￥45
白小宝烤肉店,4分18条评论 新城区民乐园南区(尚勤路)231号人均￥30
红透天自助涮烤（大寨路店）,3.8分23801条评论 雁塔区大寨路与丈八北路交叉口东南角（新乐城3楼）人均￥43
锦唐印象（纺织城店）,4.9分16665条评论 灞桥区纺北路阳光时代B座1-2层（堡子村转盘向东150米路北）人均￥58
Time Cake时光纪蛋糕,5分38条评论 雁塔区春临三路凯旋新天地2层120号人均￥159
小肥羊（小寨金莎国际店）,4.9分6767条评论 雁塔区长安中路65号金莎国际购物广场5层人均￥73
储缘蛋糕（十里铺店）,4.9分954条评论 灞桥区十里铺北路与华清东路交叉口向东100米路南凯森福景美地人均￥44
稀罕妳泥炉烧烤,4.3分78条评论 雁塔区唐延路北段59号唐延鑫苑3号楼一层（锦都小区南门对面）人均￥93
横城韩牛一韩式烤肉炸鸡（民乐园万达店）,4.9分6147条评论 新城区解放路111号五路口东南角万达广场5层西北角2号电梯旁人均￥82
李记搅团（东关正街店）,4.9分2028条评论 碑林区东关正街66号世贸大厦B座2层西室（东门外人人乐对面）人均￥44
沐海林铁锅炖鱼馆,暂无评分2条评论 灞桥区贝斯特五金机电市场西门人均￥40
锦翔炝锅城（五路口店）,4.9分52419条评论 新城区尚勤路纺织大厦59号人均￥47
王府川菜馆,4.9分483条评论 新城区尚德路190号（尚德路与西七路交叉口圣和医院南30米）人均￥28
羊瑞堂铁锅羊肉（未央路旗舰店）,4.4分2645条评论 未央区未央路万象未央109号一层人均￥81
皇冠假日酒店·朱雀咖啡厅,4分573条评论 碑林区朱雀路中段1号西安皇冠假日酒店一层（省体育场西门）人均￥142
千家粗粮王（小寨店）,4.1分53724条评论 雁塔区小寨东路国贸大厦4楼人均￥67
王氏阳澄湖大闸蟹（高新店）,3.5分 雁塔区丈八北路南窑头夏日景色9号楼底商人均￥81
千家粗粮王（东大街店）,4.3分44444条评论 碑林区东大街骡马市北口向东150米3楼（西北金行楼上、近民生）人均￥61
李想大虾火锅花园（郭杜店）,3.7分8575条评论 长安区郭杜东街郭杜老十字西北角东街广场二楼人均￥57
长安大牌档之西游漫记（大悦城店）,4.1分39条评论 雁塔区慈恩西路777号大悦城L3-01号铺人均￥72
鸭掌门（青龙寺店）,3.6分3125条评论 雁塔区西影路209号纯翠花园小区2楼人均￥58
曼岛咖啡,3.8分2503条评论 雁塔区小寨路街道吉祥路168号豪盛时代华城一二层（西安银行旁）人均￥54
大厨小馆（阳阳国际店）,4.2分297条评论 雁塔区朱雀大街132号阳阳国际2F（交大一附院对面）人均￥58
烤什么名堂·陕菜·烧烤（西门店）,4.3分3520条评论 莲湖区南马道巷与西梆子市街交叉口东南角人均￥55
西安烤鸭店（西荷店）,3.7分1238条评论 碑林区劳卫路中段1号西荷花园商业街人均￥70
重庆无刺纸包鱼,4.5分10条评论 未央区武德路科大时代广场人均￥50
西部马华食府（含光路店）,4.3分3743条评论 雁塔区含光路南段与崇业路交叉口西北角人均￥40
上善素食馆,4.9分296条评论 碑林区东关正街9号幸福逸家人均￥61
鱼酷活力烤鱼（老城根店）,4.5分6条评论 莲湖区星火路22号老城根Gpark商业街区西区方所二楼人均￥90
古都·金麦西饼屋,4.4分986条评论 灞桥区骞柳商业街北口第一家2排17号（3号楼）人均￥25
赛纳维红酒餐厅,4.9分95条评论 雁塔区丈八一路绿地SOHU同盟B座208室人均￥65
荣宴·中餐厅,4.5分2条评论 雁塔区高新二路与科技二路交叉口东南角东丹轩梓园北门（农业银行二楼）人均￥1686
尚克拉拉牛排（钟楼店）,4分12210条评论 碑林区东大街508号西安西北眼镜行三层人均￥79
康桥酒楼,4.5分508条评论 碑林区咸宁西路28号交大一村康桥服务大厦二楼人均￥53
顺水鱼馆（高新路店）,4.5分2115条评论 雁塔区高新路与科技四路十字东南角，枫林绿洲西门向北走150米人均￥65
茶见小院,4.4分133条评论 未央区文景路白桦林居商业街3楼（市政府西门对面）人均￥61
江城小馆陕南妈妈菜·全球旅行餐厅（长安地标老店）,4.4分2243条评论 碑林区西木头市51号联邦中航酒店1楼（荣获2018/2020大众点评双料必吃榜上榜餐厅，南大街西木头市口右转）人均￥43
长安大牌档之凤舞朝阳（朝阳门店）,4.2分1657条评论 新城区环城东路北段益田假日世界购物中心1-2层人均￥57
朱雀国家森林公园,4分2625条评论 鄠邑区南部东涝河上游秦岭梁北侧（鄠邑区涝峪八里坪村）人均￥102
川渝人家（海韵店）,4.6分580条评论 未央区经济技术开发区未央路149号亚凯园1-3层人均￥48
粤港饭店,4.4分7条评论 未央区浐河东路自然界城墅13号楼商铺人均￥79
拉菲达牛排自助（赛格国际店）,3.7分19229条评论 雁塔区长安中路123号赛格国际购物中心7层（与小寨东路交叉口东北角）人均￥57
清真·老兰家（兴善寺西街总店）,4.3分1853条评论 雁塔区兴善寺西街101号（好家商务酒店楼下）人均￥46
秦西坊餐厅,4.3分9条评论 莲湖区西市一路和西市南路交汇处南20米人均￥60
豪客来牛排（唐延中心城店）,4.9分2040条评论 莲湖区唐延路168号唐延中心城1层人均￥57
陇海净和川菜,4.7分599条评论 新城区解放路306号陇海大酒店2楼人均￥47
哈力家石板烤肉（未央路店）,4分 未央区未央路名京·九合院锦荟苑人均￥50
宁厨家饭,4.6分1127条评论 未央区梨园路和生国际西行100米人均￥40
西安中兴和泰酒店,4.7分454条评论 高新区高新区唐延南路10号（唐延南路与南三环十字南300米路西中兴产业园）人均￥477
考骨系烧烤·斗酒场（万和城店）,4分4条评论 新城区胡家庙人均 -
园园果业,4.9分51条评论 新城区联志路联志小区（临潼区骊山826）人均￥10
大叔牛排店,4.8分757条评论 莲湖区西稍门丰镐东路与劳动南路交叉口西南角360号柠檬宫舍24楼2401号（三度汇馆大楼上，大门朝西方向）人均￥45
吉鸡记板栗大盘鸡,4.2分22条评论 雁塔区曲江龙湖星悦荟三层人均￥35
麦当劳（西安长乐路店）,4.1分176条评论 新城区长乐西路218号西北商贸B1楼人均￥33
清真·穆巴拉克西餐厅（回民街店）,4.8分3835条评论 莲湖区庙后街19号（庙后街小学东行100米）人均￥50
古穆鲜酿闪送,3.5分 碑林区翡翠明珠南门人均￥50
外婆印象（西工大店）,4.6分1457条评论 碑林区友谊西路与白庙路交叉口东南角人人乐2楼（人人乐停车场入口进）人均￥40
HLS小酒馆（太和广场店）,4.9分5329条评论 碑林区骡马市南柳巷太和广场2层人均￥21
阿记烧烤（大兴新区店）,4.5分 莲湖区大兴东路33号（大兴东路与永宜路交汇处西南角）人均￥82
卡瓦咖啡·酒吧,4.2分75条评论 未央区凤城九路文景小区西区南门底商（明光路派出所正对面）人均￥40
柴门陕南本土家菜（大雁塔店）,4.9分1390条评论 雁塔区雁塔南路南广场新乐汇A6区人均￥58
阿记烧烤（大兴新区店）,4.5分 莲湖区大兴东路33号（大兴东路与永宜路交汇处西南角）人均￥82
皇家蛋糕（一店）,4.7分816条评论 周至县中心街（烟草局向东50米）人均￥35
阳澄湖大闸蟹（澄宝店）,4.3分57条评论 碑林区朱雀大街北段179号人均￥46
水中天茶十食（高新店）,4.3分26条评论 高新区高新一路9号富德大厦一楼人均￥146
鼎香食府,3.9分664条评论 新城区长乐中路126号沣华国际酒店8楼（近长乐路）人均￥58
清真拉菲尔鱼莊,4分1149条评论 莲湖区许士庙街教场门59号布丁酒店旁边人均￥49
铭粤餐饮,3.5分 未央区凤城七路明光路口人均￥165
百富烤霸（小寨汉唐店）,4.2分13305条评论 雁塔区长安中路89号汉唐书城1楼人均￥18
莱茵河中西餐厅,3.9分1771条评论 鄠邑区草堂路3号人均￥45
洛可可蛋糕坊（紫薇田园都市店）,5分602条评论 雁塔区高新区细柳街办紫薇田园都市B区8号楼4单元102号人均￥88
天龙宝严素食馆（大兴善寺店）,4分584条评论 雁塔区兴善西街55号路北大兴善寺内人均￥42
麦香诚蛋糕（周至八云塔店）,5分1716条评论 周至县八云塔辣子街往北新商业街西口（新商业街西口往北10米、袁师傅肉夹馍斜对门）人均￥20
澳美徕·花胶鸡火锅（高新万达店）,4.9分1555条评论 雁塔区科技七路与唐延路交叉口万达广场4楼人均￥73
迈德思客（纺织城店）,4.1分3707条评论 灞桥区纺织城正街416号（三方超市对面）人均￥16
80后陕西特产超市（大雁塔店）,4.9分84条评论 雁塔区雁塔北路南段永丰酒店一层北侧（大雁塔地铁站F口出口处）人均￥93
夜竹林茶楼,3.5分 雁塔区雁南一路海港城9街F座5楼502号人均￥100
汉堡王（西安凯德新地店）,"4.7分1373条评论 雁塔区二环南路西段64号,凯德广场.新地城01层01-09B号人均￥32"
捷客比萨（临潼店）,3.8分2370条评论 临潼区会昌路与秦陵北路交叉口东南角（近华润万家）人均￥35
桑记重庆老灶王串串香,4.9分1362条评论 雁塔区电子一路西段18号西部电子商业步行街1层129-1号商铺人均￥52
悦豪云顶自助餐厅,3.7分429条评论 雁塔区二环南路西段180号（近高新三路）人均￥91
西安天骊君廷大酒店·赛纳宫西餐厅,4.9分520条评论 雁塔区太白南路198号（科技二路口）人均￥67
美益水果（钟楼店）,4.3分10条评论 新城区新民街38号1幢1单元10209室（通济南坊宋庆龄幼儿园隔壁）人均 -
大唐西市酒店,4.6分386条评论 莲湖区劳动南路118号西市五坊（大唐西市文旅景区内、近大唐西市博物馆）人均￥118
大海子陕菜小寨店,4.2分1526条评论 雁塔区兴善寺西街小寨百盛飞炫购物广场人均￥49
HKCG香季咖啡生活馆,4分 莲湖区迎春小区(南区)35号人均 -
普素茶房（文艺路店）,4.2分156条评论 碑林区建西街138号（近文艺北路）人均￥56
华莱士·全鸡汉堡（阎良店）,3.8分5079条评论 阎良区胜利街南段16号（近凯利金店）人均￥15
福苗小骆驼烧烤（大华1935店）,3.4分1370条评论 新城区太华南路大华1935内（近太华路大明宫公园东南对面）人均￥85
百富烤霸（交大店）,暂无评分18248条评论 碑林区兴庆路交大出版社北裙楼1楼人均￥19
睿德居酒楼,4.9分366条评论 新城区东五路与顺城东路北段交叉口西北角（近朝阳门）人均￥59
徽興記黄山臭桂鱼（桃园路店）,4.4分29条评论 莲湖区桃园南路38号人均￥101
大香港酒楼（国宾店）,4.2分339条评论 碑林区环城东路中段1号（近大东门）人均￥73
567大连海鲜旅大码头海鲜（锦业路店）,4.9分1950条评论 雁塔区锦业路76号文化创意园SOHO空间第2幢1单元1层10101号人均￥77
福苗小骆驼烧烤（太奥广场店）,3.8分821条评论 莲湖区丰禾路太奥广场4号楼3楼（西二环与丰禾路交叉口）人均￥83
星期八工坊,4.9分612条评论 长安区韦曲青年街88号人均￥50
西安西藏大厦开元名都大酒店自助餐厅,4分671条评论 碑林区友谊东路333号人均￥128
川渝小渔哥,4.7分22条评论 长安区青年北街与文化街路口东北40米人均￥30
金香缘云南过桥米线,4.5分1058条评论 灞桥区田洪正街路家湾小区（18层对面）人均￥19
站前猪蹄&家常炒菜,4.9分414条评论 新城区长乐中路九街坊3号楼106号人均￥39
时间焙后商务茶歇有限公司,暂无评分 雁塔区丈八街道科技二路甘家寨东三排三号楼五单元101门面房人均￥85
小蛮子纸包鱼（沙井村北口店）,4.2分1870条评论 雁塔区科创路沙井村四组人均￥39
千家粗粮王（交大店）,暂无评分11922条评论 碑林区兴庆路交大电脑城对面常春藤3楼(华润万家南侧)（屈臣氏）人均￥44
美佳蛋糕（玉祥门大兴路店）,5分340条评论 莲湖区习武园12号人均￥80
葡庭餐厅,4.8分3132条评论 未央区凤城八路与文景路十字西北角（往北350米路西）人均￥65
小六汤包（印象城购物中心店）,4.5分371条评论 未央区未央路33号与龙首北路交叉口东北角印象城购物中心B1楼人均￥27
月食海鲜小馆,4.8分215条评论 新城区东二路与尚勤路交口西行20米路南人均￥90
北家姓转转小火锅,4.5分852条评论 鄠邑区大十字向北200米，烟草局隔壁人均￥39
久龍坡纸包鱼,4.9分405条评论 雁塔区丈八三路绿地世纪城饕界停车入口向东200米二楼处（靠近畵臻楼处）人均￥47
山海臻鲜火锅,3.5分2条评论 雁塔区高新一路天公大厦一楼内侧人均￥100
煌上煌自助小火锅（长大店）,4.9分595条评论 未央区草滩一路长乐购物中心2楼人均￥28
安旗（钟楼店）,4.7分992条评论 鄠邑区西街钟楼西南角人人家购物广场一楼门面人均￥51
小武烤肉,5分51条评论 周至县南新街与中心东街交叉口南行80米路西人均￥40
奥赛奥章鱼水煎肉,4.9分3487条评论 碑林区东大街骡马市1号民生百货6层人均￥53
北京羲和雅苑烤鸭坊（熙地港店）,4.7分1332条评论 未央区凤城七路未央路口熙地港4层（行政中心站地铁B3口）人均￥86
川西豆皮涮牛肚火锅,3.5分9条评论 未央区学府东路学府公寓3楼人均￥50
俄士厨房（吉祥路店）,4.9分4572条评论 雁塔区吉祥路168号人均￥78
咪咪川菜（白桦林居店）,4.9分522条评论 未央区西文景路88号白桦林居东门D栋88号（近凤城八路）人均￥35
马虎面馆（翠华北路店）,3.5分4条评论 雁塔区雁塔区翠华北路353号人均￥18
勇利赵家烤肉坊（纬二街店）,5分14644条评论 雁塔区纬二街世纪经典大厦1楼人均￥50
川坝子老灶火锅（航天店）,3.6分932条评论 长安区凤栖东路韦曲福泽巷三楼人均￥66
旺袁记神仙酸汤鱼,4.5分35条评论 雁塔区枫林路禾盛京广中心（t11商场3F西北角）人均￥79
莱卡味道,4.9分120条评论 未央区文景路与凤城七路十字向西200米路北（龙东国际酒店一楼）人均￥30
秦人街西北菜,4.6分281条评论 未央区凤城九路海荣名城小区裙楼二层10204A座人均￥63
福苗小骆驼烧烤（凤八店）,4.4分5条评论 未央区凤城八路123号地铁四号线文景路站A口出人均￥86
老狼大盘鸡,4.3分454条评论 鄠邑区政法路与北街交叉口公安局向西50米人均￥25
二掌柜水盆羊肉（水文巷店）,4.9分781条评论 碑林区张家村街道水文南巷北口路西（陕西省人民医院旁）人均￥20
洛可可蛋糕坊（交大店）,5分959条评论 碑林区兴庆南路学府首座9号楼1层10104号西户人均￥74
永刚烤肉（临潼店）,5分3721条评论 临潼区人民西路博爱医院隔壁人均￥47
米斯特比萨（金辉店）,3.8分777条评论 莲湖区唐延路北段22号（金辉国际广场1层11-12室）人均￥67
粤西渔村,3.5分1条评论 莲湖区梨园路御园温泉小区D区七号楼一楼西北角人均￥110
小阿妹米线（凤城一路店）,4.9分6175条评论 未央区凤城一路与未央路交叉口西行100米路南（芳馨园小区底商）人均￥23
方燕烤猪蹄烧烤（长安广场旗舰店）,4.1分21791条评论 长安区广场北路圣合家园一期紫鑫阁饭店向南50米人均￥10
趣知味铜锅涮肉,3.5分 莲湖区西市北路25号人均￥90
爱尚伯爵（泾渭店）,3.9分4594条评论 高陵区泾渭路与泾环南路交叉口东北角人均￥27
东东包（交大店）,3.9分5086条评论 碑林区兴庆南路89号启光大厦1楼人均￥15
好享龙虾,3.7分32条评论 碑林区咸宁西路62号陕煤招待所院内人均￥123
2068香辣虾（电子正街店）,3.7分9679条评论 雁塔区电子正街231号人均￥58
牛一嘴·中国兰州牛肉拉面（财富中心店）,3.9分7178条评论 雁塔区南二环西段财富中心A座一层南侧（近高新二路）人均￥15
洛可可生日蛋糕坊（城市立方店）,5分1063条评论 雁塔区朱雀大街南段华城万象2期5号楼人均￥69
小锅无界（新世界店）,4.2分4228条评论 莲湖区北大街88号（宏府嘉会广场新世界百货负二楼）人均￥46
王华峰潼关肉夹馍（太元路店）,4.1分2026条评论 未央区太元路，华远君城4-101号人均￥16
Route 就现在蛋糕（线上店）,4.4分4条评论 碑林区地铁3号线咸宁路站c口向南150米人均￥68
2068香辣虾（全国总店）,4分11839条评论 未央区未央路69号华迪大厦1-2层人均￥66
欧巴来了韩式料理,4.5分20602条评论 雁塔区兴善寺东街83号（小螺娃隔壁）人均￥34
贝尔莉莎艺术蛋糕,5分50条评论 灞桥区米秦南路5号枫禾苑小区3号101/102号（北2）人均 -
老城味道,4.2分18541条评论 未央区鱼藻东路水晶卡芭拉小区北门东行50米人均￥19
大城小鸡黄焖鸡排骨米饭(非外卖)（新城总店）,4.2分5178条评论 新城区尚俭路470号卫民社区团结楼一号楼二号人均￥18
美佳蛋糕（小寨赛格大雁塔店）,5分281条评论 雁塔区长安中路小寨村89号人均￥80
聚丰苑北京烤鸭店（龙首北路店）,3.7分2098条评论 未央区龙首北路西段27-17号人均￥51
五谷香自助涮烤火锅（青年南街店）,3.8分14355条评论 长安区青年南街菲特主题酒店南10米人均￥37
疯狂的棒棒•撸串公司火锅,3.5分1条评论 未央区富源三路秦东大厦南侧（和平商场1楼）人均￥60
麦之香蛋糕（友谊东路店）,3.9分3665条评论 碑林区测绘东路李家分村8号人均￥33
汉釜宫韩式烤肉（临潼店）,4分4844条评论 临潼区万年路6号人均￥35
九月侨牛肉火瓢（民乐园悦荟店）,暂无评分 新城区解放路166号悦荟广场7层L705号人均 -
Merrykin麦里金（美院专卖店）,4.4分4862条评论 雁塔区雁塔西路254号（美术学院东门对面）人均￥19
老车家牛羊肉泡馍馆（大差市店）,4.5分7300条评论 碑林区东羊市6号（马厂子十字东南角）人均￥24
瓦库30号（曼蒂广场店）,4.5分3条评论 雁塔区雁南一路曼蒂广场南门东侧一、二楼人均￥136
瑞可爺爺的店（赛格店）,4.7分38229条评论 雁塔区长安中路小寨赛格国际负二楼人均￥30
0057香辣虾（小寨店）,3.6分12578条评论 雁塔区长安中路众邦投资4楼（小寨赛格北50米，天桥东侧，海港城南面）人均￥50
慧莹农家乐,3.5分1条评论 长安区太乙宫街道杏园村905路停车场对面人均￥23
黄品煌三汁焖锅（东大街店）,4.1分12300条评论 新城区东大街民生对面第七感觉三楼（案板街口东20米）人均￥38
味都西饼店（华美店）,4.5分10286条评论 长安区华美十字木材公司综合楼下（近北里王骨科医院）人均￥15
名典咖啡语茶（紫薇店）,3.5分 长安区怡园路紫薇田园都市E区东方明珠底商永辉超市南行隔壁人均￥100
小蛮子纸包鱼（电子四路店）,4.3分3775条评论 雁塔区电子四路东口建设银行西侧人均￥49
鑫和炝锅鱼（梨园路店）,4分3322条评论 莲湖区梨园路蔚蓝悦城第1幢1单元10103号房人均￥51
还是串串火锅,4.2分9条评论 碑林区顺城南路25号人均￥80
飞鹿餐饮,4.9分5416条评论 莲湖区莲湖路323号飞鹿商务酒店内（近玉祥门）人均￥49
和福顺养生焖锅（长百店）,4.4分16463条评论 长安区韦曲北街长百新市广场三楼人均￥58
洛可可蛋糕坊（行政中心店）,4.9分1501条评论 未央区凤城八路雅荷城市花园北门往东100米人均￥81
唐乐宫-法兰西百谷特面包屋,4.5分5326条评论 碑林区长安北路75号唐乐宫大厅内人均￥28
王魁腊汁肉夹馍（柿园路店）,3.9分2189条评论 碑林区柿园路兴庆公园北门车站往东行路南人均￥13
洛可可生日蛋糕坊（胡家庙店）,5分356条评论 新城区长缨西路75号人均￥45
老北京烤鸭（东厅门店）,4.1分1533条评论 碑林区东县门11号第8中学往西150米路北（如家酒店斜对面）人均￥36
上岛咖啡（凤城四路店）,3.9分4551条评论 未央区凤城四路与明光路十字世融嘉城人均￥58
洛可可生日蛋糕坊（三桥店）,5分1267条评论 未央区三桥拥军路天玺国际侧面底商（菜鸟驿站往里走）人均￥50
金瑞坊炝锅鱼,4.3分4989条评论 长安区韦曲广场北路美林幼儿园南50米固美口腔一楼（圣合家园二期西门北侧10米）人均￥38
清真食尚旋转自助火锅,4.2分4082条评论 莲湖区麦苋街88号人均￥31
洛可可生日蛋糕坊（龙首印象城店）,5分2868条评论 未央区未央路印象城1号楼1701号人均￥72
菜客·陕菜,3.9分7078条评论 莲湖区小南门里十字西北角向西20米路北（中汇会计大厦一楼）人均￥41
千福聚北京果木烤鸭（丰登路店）,4.7分2629条评论 莲湖区丰登西路与丰登南路交叉口西北角路北人均￥26
小蚂蚁海鲜烧烤,4.7分15条评论 碑林区碑林区竹笆市中环广场B座105号人均￥58
维克蛋糕（西稍门店）,3.8分1031条评论 莲湖区西稍门西关正街28号人均￥44
熙裕阁中国兰州牛肉拉面馆,4.3分14497条评论 新城区北关正街9号熙裕阁（西安大唐医院北邻）人均￥10
学习巷小马烤肉（回民街店）,4分 莲湖区西大街大学习巷内100米人均￥58
兰州马子禄牛肉面,4.3分5950条评论 未央区凤城三路与文景路十字向西200米路北（明光路和文景路中间）人均￥22
三顾香牛羊肉泡馍（凤城六路店）,4.2分4804条评论 未央区未央路与凤城六路十字向东50米路（银池丽舍旁）人均￥29
青华园土灶台,3.5分 长安区210国道沣裕口大转盘南100米路东人均￥43
三原老黄家（文艺路店）,3.8分1038条评论 碑林区文艺路天伦盛世5楼（友谊东路口向东200米）人均￥51
毛记冒菜（高新店）,4.3分2623条评论 雁塔区大寨路与丈八北路交口东北角人人乐出口（大寨路公交站牌旁）人均￥16
大秦山庄,3.5分4条评论 长安区子午峪西村（小五台）人均￥61
清真渔坊秘制烤鱼,4.9分2732条评论 莲湖区洒金桥中段44号（清真古寺正门北行5米路西原尚捞自助火锅）人均￥40
第一佳大鸡排（长安广场店）,4.3分2848条评论 长安区广场北路长安广场华润万家一楼4铺人均￥14
啊布串串火锅,3分1条评论 雁塔区曲江林语人均￥40
北京涮羊肉,3.9分6891条评论 雁塔区小寨西路子午路十字向北200米路西（美豪酒店楼下）人均￥39
迈德思客（潘村店）,4.3分5931条评论 灞桥区弘知路潘家村寨门里头50米（近海棠学院）人均￥10
福苗小骆驼烧烤（曲江店）,4.1分1187条评论 雁塔区雁南一路154号曲江通泰左岸二层人均￥84
龙腾火锅（泾渭店）,4.1分6165条评论 高陵区泾河工业园区西营十字向南200米路西（近长庆西路）人均￥66
ccake蛋糕（高新店）,4.9分2619条评论 雁塔区高新路甘家寨西二排一号楼四单元人均￥61
福苗小骆驼烧烤（高新店）,4.3分1691条评论 雁塔区团结南路响塘广场对面路东（中建群贤汇旁边）人均￥91
挞挞家秘汁焖锅（立丰店）,4.4分2253条评论 碑林区东二环路立丰国际购物广场6楼人均￥47
臻膳轩自助涮烤城,3.9分6378条评论 长安区北长安街123号（地铁2号线航天城向北100米北站十字）人均￥40
洛可可生日蛋糕坊（太华南路店）,5分747条评论 新城区太华南路银河坊民族小区24-0104号商铺（中天爱幼幼儿园对面）人均￥79
姚家闻香铁锅炖（纺一路店）,4.2分2334条评论 灞桥区纺一路东段灞桥分局斜对面（唯真楼隔壁）人均￥44
玉肠香葫芦头泡馍,3.9分7678条评论 未央区龙首北路西段51号人均￥21
安妮贝可生日蛋糕（南稍门店）,5分328条评论 碑林区四民巷55号人均￥45
爱尚蛋糕,3.9分3171条评论 未央区凤城五路西安中学南门对面海璟时代人均￥37
张记老蒲城羊肉,4.2分3014条评论 未央区凤城三路与明光路十字向东200米路北（文景公园北门斜对面）人均￥38
萤初炉端烧（四海唐人街分店）,4.5分18条评论 未央区太华北路26号四海唐人街人均￥200
天下第一面（大雁塔北广场店）,4.9分4908条评论 雁塔区小寨东路8号（大雁塔北广场慈恩镇旁）人均￥40
王锦记冒菜香锅（陕科大店）,3.9分2424条评论 未央区陕科大时代广场1号楼1层78-2号人均￥19
洛可可生日蛋糕坊（土门店）,5分717条评论 莲湖区团结四路18号北户人均￥80
玲祥大盘鸡,5分503条评论 临潼区行者路石油城西门向北100米（临潼福瑞汽修斜对面）人均￥32
福气焖锅烤肉,4.4分1103条评论 雁塔区小寨东路126号百隆广场B座10层A室（华驿精选酒店乘电梯）人均￥35
锡林阿玛冰煮羊（汉神广场店）,4.9分221条评论 未央区凤城八路汉神购物广场5层人均￥84
安旗西点（蓝田店）,3.8分1574条评论 蓝田县近郊蓝新路南段与新民街西段交叉北70米路西（农业银行对面）人均￥13
干锅居（电子正街店）,3.7分4039条评论 雁塔区电子正街128号人均￥54
渝香楼,3分3条评论 鄠邑区鄠邑区人民路春蕾什子北200米路西人均￥50
喵星人的猫咖啡,4.9分1086条评论 雁塔区电子正街怡兴大厦5F（紫薇城市花园对面）人均￥41
北京烤鸭（徐家庄店）,4.6分1736条评论 雁塔区科创路162号人均￥46
洛可可生日蛋糕坊（民乐园店）,5分903条评论 新城区解放路皇城壹号1-02号商铺（新城区公证处旁边）人均￥56
北京烤鸭（长缨东路店）,4.4分2200条评论 新城区长缨东路146号（长缨酒店对面）人均￥54
阿姨奶茶专卖（小寨店）,4.9分822条评论 雁塔区长安中路177号海港城一层J-23人均￥8
洛可可生日蛋糕坊（西稍门店）,5分397条评论 莲湖区五一巷75号A6商铺人均￥84
闻道听香火锅,4.4分2645条评论 雁塔区电子正街与电子四路丁字路口向西200米路南，金磊大兴坊小区西侧二楼人均￥58
伊诺仕蛋糕,4.7分3397条评论 雁塔区兴善寺西街91号（新家坡小区）人均￥73
贝尔莉莎艺术蛋糕（曲江店）,5分72条评论 雁塔区长安南路东三爻堡村四组西口0101号人均 -
土耳其卡巴布清真餐厅（西安店）,4.3分2276条评论 雁塔区长安南路2号雁塔文化新天地西侧（近纬二街博纳电影院东侧）人均￥41
云南过桥米线（解放路店）,3.7分7188条评论 新城区解放路45号人均￥24
洛可可蛋糕坊（半坡店）,5分1204条评论 灞桥区堡子村纺建路东辰濠景一层门面房人均￥66
金皇冠蛋糕,4.8分2652条评论 未央区建章路与花园西街交叉口西北角（三棵树超市对面）人均￥50
桥头米线涮牛肚,4.3分1307条评论 碑林区长乐坊22号人均￥15
洛可可生日蛋糕坊（小寨店）,5分591条评论 雁塔区吉祥村商业街B13号（御笔华府十字路往南100米路西）人均￥74
臻味醉淡泊铜锅涮肉（含光门店）,4.5分1214条评论 莲湖区火药局巷29号（含光门里西侧100米）人均￥90
三姊妹香辣土豆片夹馍（海港城店）,4.4分4122条评论 雁塔区长安中路177号海港城B1层人均￥6
贝尔莉莎艺术蛋糕（全国总店）,5分661条评论 未央区龙首北路祥福居小区北门底商人均￥129
ME CAKE蛋糕·西点,4.2分2375条评论 莲湖区汉城北路150号雅卓花园10-1-101人均￥77
莲花餐饮（高新店）,4.9分1132条评论 雁塔区高新路南段89号（近云顶园小区）人均￥61
贝尔莉莎艺术蛋糕旗舰店,5分644条评论 雁塔区博文路甘家寨东三排10号人均 -
维也纳咖啡,4.1分737条评论 未央区凤城八路与文景路十字路口向西200米人均￥52
马有才牛肉拉面,4.4分10994条评论 未央区未央路与凤城六路十字向东100米路北人均￥12
悦宾楼（半坡艺术区店）,3分1条评论 灞桥区半坡地铁口向南300米半坡国际艺术区东北门入口一楼人均￥50
香客源自助火锅城（八府庄园店）,3.6分1868条评论 新城区含元路八府庄园9号楼1层6号人均￥27
兄弟大灶台-大庆路店,4.2分1496条评论 莲湖区大庆路与阿房路交叉口东50米路南人均￥59
小谷姐姐麻辣拌·麻辣烫（华夏幸福广场店）,4.9分19条评论 灞桥区纺西街2572号华夏幸福里购物广场4层4f-13人均￥20
食色火锅（高新店）,4.7分1716条评论 雁塔区科技路西口华润万家超市楼上8层807室人均￥65
聚朋自助火锅,4分2262条评论 新城区尚勤路与东四路交叉口向西70米路北（西安银行旁）人均￥21
御品馋猫砂锅麻辣烫,3.5分1条评论 雁塔区太白南路西部电子商业步行街107号人均￥24
小伙伴铜盘火锅（互助路店）,4.7分1267条评论 碑林区互助路东北角紫落澜庭1栋1单元1006人均￥46
重庆渝味晓宇火锅（粉巷店）,4.4分6877条评论 碑林区南院门食尚南院古道茶城二楼A8-A9人均￥95
大千麻辣鱼,3.5分3条评论 长安区西沣路7号（丰德寺旁边）人均￥86
老单家葫芦头泡馍,4.5分3928条评论 未央区常青二路银池花香丽舍小区第七幢1单元1层10105号人均￥18
关中大锅炖（灞桥区店）,4.5分1473条评论 灞桥区白鹿原狄寨转盘向北100米人均￥36
贝尔莉莎艺术蛋糕（土门店）,5分84条评论 莲湖区团结二路二号10号楼一单元一楼门人均 -
楼北楼牛羊肉泡馍（大差市店）,4.1分2688条评论 碑林区东三道巷21号（近大差市）人均￥27
Enoch Cake 以诺蛋糕,3.9分1360条评论 雁塔区高新六路北口向南200米人均￥65
清真奥斯曼大盘鸡砂锅,4.6分39条评论 莲湖区二府街70号人均￥25
福临北京烤鸭（韦曲西街店）,4.2分2076条评论 长安区韦曲西街93号（二幼西侧）人均￥50
悠味烘焙坊（三桥店）,4.1分1718条评论 未央区双拥路三桥地铁口南50米金桥国际楼下（李记搅团南侧巷内10米）人均￥59
ccake蛋糕（环城北路店）,4.9分252条评论 莲湖区环城北路126号纸坊南社区1号楼1单元1层2号（天翼手机南边社区门口）人均￥53
鲜羔楼三味火锅,4.4分3398条评论 未央区昆明路与富源三路交叉口南行100米路东人均￥63
拾堂（土门店）,4分1321条评论 莲湖区汉城南路与丰镐西路交叉口（制药厂十字）西北角华东万锦城4楼人均￥40
贝克维斯生日蛋糕,5分53条评论 雁塔区高新区丈八街办甘家寨东三排10号楼3单元1层门面人均 -
聚福生葫芦头,4分1594条评论 未央区新府一路张家堡新村北门人均￥29
望江楼饭庄,4.2分2410条评论 未央区凤城六路369号7号楼一层人均￥30
ccake蛋糕（交大乐居场店）,4.9分1992条评论 碑林区乐居场47号3-3-0105室人均￥71
老机场重庆跳水鱼老店,3.9分1184条评论 莲湖区锦园路3号人均￥58
京都肉饼王,4.9分3783条评论 雁塔区师大路中段34号人均￥12
花语溪（西安小寨店）,4.7分10条评论 雁塔区朱雀大街515号新加坡小区4-1410人均￥83
中田餐饮古城老菜馆（华东店）,4.4分2126条评论 雁塔区长安南路196号华东服饰广场（陕西师范大学正门对面）人均￥38
醉仙楼,4.3分1179条评论 高陵区西韩路高陵县汽车站向南30米人均￥30
贝尔莉莎艺术蛋糕（雁塔店）,5分103条评论 碑林区友谊东路铁安一街口铁路局5号楼负一层西侧人均 -
黑土情酱骨庄,4分939条评论 雁塔区电子商城步行街东208号人均￥36
希雅美烘焙（三十米路店）,4.3分1765条评论 蓝田县三十米路自来水公司楼下（自来水收费厅隔壁）人均￥18
春阳茶事（gogo街区店）,4.6分24条评论 长安区GOGO街区579号人均￥17
诚净和,4.2分951条评论 高陵区西韩街汽车站向南30米人均￥33
荷韵泡姜鸡特色火锅（凤城五路店）,4.3分1254条评论 未央区凤城五路与未央路十字东北角MAX未来1楼10117号人均￥51
灞原嘹咋咧面馆（万科店）,4.5分16条评论 长安区万科棉花公寓15-1-111号商铺人均￥17
员苑咖啡,4.4分717条评论 莲湖区西华门十字西南角新世界百货B1层东北角62号（靠近北门）人均￥32
Cake Talk 心语蛋糕房（纺织城店）,4.7分2158条评论 灞桥区堡子村转盘京都国际1号楼507室人均￥29
串妹花式冰粉（西安凤城三路店）,4.9分60条评论 未央区凤城三路四海唐人街向西50米人均￥10
清真尚品旋转自助火锅,4.1分1616条评论 莲湖区大皮院64号人均￥33
田园泡芙（兴庆公园店）,4.2分5324条评论 碑林区兴庆公园南门西侧人均￥10
食YUE,4.9分267条评论 碑林区南大街印花布园社区7幢9栋10101底商人均￥22
佳美蛋糕（洪庆店）,4.1分2203条评论 灞桥区田洪正街230号庆华北区人均￥60
老狼大盘鸡（徐家庄店）,3.5分1521条评论 雁塔区科技路安荣大厦1楼人均￥32
虎子水盆羊肉,4.9分1990条评论 雁塔区曲江新区翠华南路229号擎友大厦综合楼临街商铺人均￥36
林江鲜米线店,4.3分1283条评论 新城区万寿路38号（313路公交车起点站）人均￥15
铭香楼蒲城水盆羊肉,4.2分982条评论 雁塔区科技六路数字空间1楼10107间人均￥29
彭府湾（劳动路店）,4.8分154条评论 莲湖区西安市莲湖区劳动路76号一层人均￥12
㝇香过桥米线,4.2分827条评论 临潼区银桥大道东三岔广场西侧914915汽车站点福客隆附近人均￥10
面道,4.5分1690条评论 长安区新华街与长兴北路交口西北角（蓉城印象对面）人均￥13
Paris Sweet网红生日蛋糕,4.5分26条评论 长安区韦曲南街兰乔国际城东门童蒙星幼儿园隔壁人均￥100
旗王蛋糕,4.7分1665条评论 莲湖区团结西路土门新华批发市场西北角人均￥40
老柳大块牛肉面,3.9分1467条评论 新城区十四街坊东段（十四街坊与万寿中路交叉口西100米）人均￥15
谷田缘八宝粥家常菜,4.9分276条评论 碑林区东关南街256号人均￥9
红红鱼庄,4分880条评论 新城区韩森路延伸段139号新东尚S人均￥42
分享时光（中贸广场店）,3.7分1826条评论 碑林区长安北路中贸广场4号楼三层人均￥34
上味早点铺,3分3条评论 灞桥区御锦三路御锦城3-R2期17幢第10107号（乔治de公园南门对面）人均 -
滚雪球小奶糕,4.2分436条评论 碑林区建东街与安西街交叉口向南50米路西人均￥12
中田美食（师大路店）,4.5分1870条评论 雁塔区师大路26号（近中国工商银行师大分行）人均￥29
拴马桩擀面皮（凤城十路店）,4.7分36条评论 未央区凤城十路金源御景华府西北门旁人均￥20
屋头串串（长安店）,4.4分2428条评论 长安区文苑北路雅居乐西门向北100米路东（樱花二路和文苑北路交叉口路东）人均￥50
西安唐隆国际酒店百香西餐厅,3.8分1036条评论 雁塔区雁南四路98号唐隆国际酒店3层人均￥183
FUN COFFEE梵咖啡,4分5条评论 莲湖区大学习巷58号人均￥30
麦香村蛋糕,3.9分1098条评论 蓝田县近郊蓝新路中段41号人均￥12
辣动时代自助小火锅（东辛庄店）,3.8分730条评论 雁塔区高新六路圆通快递东侧40米处人均￥28
袁小厨餐厅,3.5分 雁塔区科技一路26号长风绿谷院内人均￥17
傻得冒冒菜馆（西荷店）,3.8分1489条评论 碑林区兴化巷西荷商业美食街（凯旋城东侧旁）人均￥20
澄城张记水盆羊肉,3.9分1031条评论 莲湖区丰登北路46号人均￥22
NO.廿｜甜室（0卡低脂蛋糕）,暂无评分 碑林区文艺北路敬业大厦人均￥119
川王府,4.2分467条评论 周至县农商东街27号（计生局对面）人均￥35
同盛德泡馍,3.6分1955条评论 雁塔区大雁塔北广场东南角全季酒店一楼人均￥32
香香大盘鸡,4.9分2089条评论 雁塔区长安南路196号华东服饰广场3楼（陕师大正门对面）人均￥35
酒串·串串香火锅店（龙首店）,4.9分1133条评论 未央区龙首村十字区政府向西100米路北（龙首茶叶市场正对面）人均￥41
珍味林饺子馆（华旗国际广场店）,4.3分982条评论 雁塔区长安中路97号（华旗国际广场B1层）人均￥14
御品轩（交大一店）,4.2分1426条评论 碑林区咸宁西路28号交大一村5舍（翠庭大厦斜对面）人均￥18
新美心蛋糕,4.7分747条评论 未央区三桥建章路中段49号花园市场北侧10米（车辆厂医院）人均￥24
小山峡巫山烤全鱼纸包鱼,4.1分6022条评论 雁塔区育才路262号人均￥25
晓丰快乐西饼,4.4分706条评论 灞桥区灞桥区柳巷火车站什字路口，柳虹路与东城大道交叉口路东好又佳超市隔壁人均 -
拓氏云南生态石锅鱼（建国路店）,4.9分1030条评论 碑林区建国路31号金顶人家1楼北3号（建国门进来路东50米，）人均￥79
咖啡陪你（逸翠园店）,4.2分561条评论 高新区锦业二路北侧逸翠园三A期人均￥39
尚品蛋糕,4.2分1247条评论 高陵区西营村西营十字西南角雅居宾馆楼下人均￥15
同州大老碗手擀面,4.4分834条评论 长安区樱花一路樱园食府斜对面（樱花广场对面）人均￥14
思味蛋糕屋（龙首路店）,3.8分902条评论 莲湖区龙首村西北区荣民花园5幢2单元1层20102号人均￥44
湖南土菜馆,3.8分812条评论 雁塔区科技路西口十字向西200米富裕路8号（向西30米韩氏万家香粥饼取餐）人均￥39
食色Shesoul 港式料理（立丰国际店）,4.9分1631条评论 碑林区立丰国际公寓512室（立丰国际公寓楼北门5楼）人均￥55
你懂的西饼屋,4.3分640条评论 高陵区鹿祥路利民花园东3号铺人均￥30
三鲜葫芦头泡馍,3.8分1028条评论 雁塔区高新区锦业一路19号锦樾旺街1-10102-2号人均￥19
尕娃椒麻鸡（龙首村店）,4.7分1483条评论 未央区龙首北路西段花园客栈隔壁人均￥26
重庆德庄火锅（周至店）,5分1049条评论 周至县环城东路与农商街交汇处（水岸东方小区商业楼）人均￥51
米乐西饼店,4.1分884条评论 蓝田县蓝新路中段96号（蓝新路与向阳路十字北150米）人均￥10
金乐爱特蛋糕（太白南路店）,4.2分1452条评论 雁塔区太白南路紫薇尚层（电子四路）人均￥34
启明腊汁肉揪面片,4.8分923条评论 雁塔区翠华路大雁塔小学北侧（原乐乐腊汁肉揪面片）人均￥19
阿霞螺蛳粉（高新店）,3.9分1361条评论 雁塔区科技二路甘家寨北门东二排三号楼二单元人均￥16
东北人自助小火锅（下北街店）,3.9分681条评论 临潼区下北街中段（近北关小学）人均￥18
四季香葫芦头,4.1分1217条评论 临潼区姜寨路天河酒店西门对面巷内20米（近天河酒店）人均￥19
四季尚品西饼屋,4.1分3032条评论 雁塔区甘家寨西区10排3单元1层商铺（丈八北路地铁C口出向南30米）人均￥40
三姐香辣涮冒菜世家,3.9分2089条评论 碑林区和平路108号人均￥23
云毅过桥米线,3.8分538条评论 高新区高新区光华路191号糜家桥小区38号楼1-2号人均￥20
虎子鱻石锅鱼,4分755条评论 莲湖区土门坊开远半岛市民中心南行50米人均￥57
油泼辣子biangbiang面,4.5分339条评论 碑林区建东街与太乙路交口西南角人均￥12
雷超正宗水盆羊肉,4.3分845条评论 雁塔区曲江新区中海东郡小区西门向南100米（近中海东郡）人均￥26
T·ONOR欧诺蛋糕,5分1442条评论 碑林区新安街丹尼尔东西窑坊小区20号楼一层20102人均￥77
沸腾鱼庄,4.4分807条评论 雁塔区唐兴路与丈八北路交汇处唐兴路21号（陕西省卫生监督所西隔壁）人均￥54
周公岐山面,4分1990条评论 碑林区咸宁西路兴庆宫公园南门西侧人均￥11
维斯特蛋糕,3.8分7406条评论 雁塔区民洁路西安际华三五一一家纺有限公司西大门南侧沿街门面房人均￥72
小天地川菜主题餐厅,4.9分945条评论 长安区府东一路城南新天地南侧人均￥39
福春缘葫芦头,4.9分1621条评论 未央区凤城六路与未央路十字向东20米路北（醉关中对面）人均￥27
曹记重庆老火锅,4.3分584条评论 雁塔区咸宁东路356号科技学院西侧（田马路十字向西200米路南）人均￥59
奶语茶香（长安广场店）,4.4分1357条评论 长安区韦曲街道西长安街长安广场华润万家入口东侧20米（池上寿司）人均￥9
香叶草创意蛋糕（西稍门店）,4.7分801条评论 莲湖区铁塔寺路66号（西稍门大酒店北侧）人均￥80
西府面馆（省体育场店）,4.2分798条评论 碑林区体育北路108号商铺人均￥12
思彤驴蹄子面（长安西路旗舰店）,4.8分593条评论 雁塔区长安西路三兴园小区北门斜对面（朱雀大街与长安西路十字向西，真爱医院西侧50米）人均￥15
思氏横山铁锅炖羊肉,4.2分1761条评论 未央区凤城三路与贞观路十字向西50米路南（六号大院六号楼三层）人均￥62
元木烘焙蛋糕坊（五路口万达店）,4.1分2005条评论 新城区东五路44号付1号人均￥26
老东关饺子店,4.3分474条评论 碑林区火炬路北口3号人均￥20
小竹签烤肉（自强西路旗舰店）,4分1266条评论 莲湖区自强西路38号西安铁路职业技术学院对面人均￥47
清真金龍大盘鸡,4.4分439条评论 莲湖区大皮院34号（莲湖区政府向西200米）人均￥42
老白家牛羊肉泡馍,4.3分475条评论 新城区东六路群策巷小区西边20米人均￥23
秦轩澄城水盆羊肉（北三环店）,4.5分1387条评论 未央区太华北路沿线北三环大明宫建材市场物流区北门东侧（尚客优骏怡快捷酒店西约50米）人均￥26
艾米客蛋糕,3.9分1075条评论 长安区皂河路与青年南街十字向南200米路东（金赛商务酒店正对面）人均￥10
乐享食光烘焙工坊（十里铺店）,3.7分1479条评论 灞桥区浐灞生态区李家堡商业街39号人均￥14
安旗（广安路店）,4.1分454条评论 未央区广安路西岸国际花园一期北门东50米人均￥29
汉釜宫韩式自助烧烤火锅,3.3分2273条评论 灞桥区白鹿原solo街与商业街十字路口处（北海道楼下）人均￥36
乐美客炸鸡汉堡（西翻店）,3.9分900条评论 长安区太乙宫正街82号对面人均￥22
月盛斋,4.6分821条评论 鄠邑区人民路十字北段300米路东人均￥25
张记饺子馆,4.4分1173条评论 临潼区诚信路19号，菜市场向东300米人均￥10
馋喵海鲜私房馆,4.8分431条评论 临潼区行者路16号石油城西门向北100米路东人均￥31
白菜心（高陵店）,4.3分774条评论 高陵区鹿歌路6号人均￥45
和憩园火锅坊,4.4分159条评论 未央区北辰大道祥和居西门向北100米（宝宝乐隔壁）人均￥55
洪家脊骨汤,3.9分225条评论 雁塔区锦业路高新区绿地世纪城食饕街3栋1单元人均￥57
同麦德老任家泡馍,3.4分453条评论 雁塔区科技六路中断数字空间365西侧海升酒店一层人均￥35
7273猫屁股猫咪西餐Coffee桌游（长安广场店）,4.9分967条评论 长安区长兴南路延安大学创新学院前门西侧50米竹园小区门口门面房08号人均￥37
RF正宗重庆鸡公煲（高陵店）,5分1030条评论 高陵区陕汽车城酒店对面巷子向南200米人均￥22
沃稞面包工厂店（赛高街区店）,4.1分4043条评论 未央区凤城五路地铁B出口旁人均￥21
和运生葫芦头,3.9分425条评论 新城区咸宁东路508号（第四人民医院东侧）人均￥29
大嘻咹biangbiang面（柏树林店）,4.8分2071条评论 碑林区柏树林65号（柏树林公交车站牌马路正对面）人均￥17
彤德莱（小寨师大店）,4.9分4732条评论 雁塔区长安南路196号华东服饰广场北楼1号人均￥55
恩希家农家乐（上王村店）,4.7分705条评论 长安区上王村东四街139号人均￥47
宝龙雪花·陕北传统杂粮小吃（朱宏路店）,4.6分159条评论 未央区石化大道新北城蔬菜批发市场西门门口南排1号人均￥5
袁记肉夹馍,4.1分1109条评论 临潼区东街眼睛烤肉隔壁人均￥16
思刻鲜作蛋糕工坊（龙首店）,4.3分640条评论 未央区未央路盛龙广场A区4号楼2单元809室人均￥80
碰碰凉,4.2分1992条评论 蓝田县蓝新路中段与文化路交叉口北80米路西人均￥12
麦香园蛋糕,4.7分142条评论 雁塔区东仪路136号（近东仪福利区）人均￥60
重庆鸡公煲（席王路店）,3.9分770条评论 灞桥区席王街中段十字路口西南角（近三隆超市）人均￥25
乐滋西点,3.7分241条评论 阎良区文化东路与公园街交叉口西行20米路南）人均￥18
第五咖啡（劳动路西缆店）,3.9分461条评论 莲湖区劳动路212号西缆高层B座2楼（近中信银行）人均￥40
紫来轩,4.8分755条评论 雁塔区东仪路93号（东仪北路站牌，烈士陵园站牌对面）人均￥24
古搜咖啡,4.5分292条评论 雁塔区丈八一路汇鑫IBCB座人均￥50
风启达蛋糕（未央店）,4.1分648条评论 未央区广兴路西岸国际花园东苑东面商铺8号楼10107号（新疆大盘鸡向北五十米）人均￥75
赛尚西饼,4.1分506条评论 莲湖区丰登北路百花明珠20101号（近西电集团医院）人均￥15
70年代土灶台一锅炖,4.7分459条评论 长安区樊川路杨虎城烈士陵园斜对面人均￥40
汉中黄辣丁私房菜馆,4.9分278条评论 碑林区东关正街世贸大厦E座1007室人均￥45
YJ重庆鸡公煲,3.7分299条评论 阎良区大良路QM重庆鸡公煲旁边人均￥28
8090私房火锅,4.6分425条评论 未央区草滩一路长乐西苑7号楼302室（近长安大学）人均￥46
唐顺肥牛（电子四路店）,3.7分1442条评论 雁塔区电子四路中段9号，宗江大酒店隔壁（近北山门）人均￥60
毛妈妈串串火锅（科技路西口店）,4.3分468条评论 雁塔区科技路西口往北200米路西人均￥46
味品轩蛋糕屋（西大街店）,3.9分878条评论 莲湖区西门里西梆子市街3号大洋超市隔壁人均￥50
味香特蛋糕,4.5分308条评论 高陵区南新街149号（高陵四中向南100米路东）人均￥15
尚品苑蛋糕工厂店,4.8分447条评论 莲湖区大庆路7号（南方酒店三楼）人均 -
左右奶茶,4.3分65条评论 新城区新公园南路秦川小学正对面人均￥10
巧夫人云南过桥米线,4.2分336条评论 灞桥区浐灞生态区十里铺街道486号（东方大市场站牌西10米路南）人均￥12
欧菲克生日蛋糕（民乐园店）,4.9分4375条评论 新城区东六路35号人均￥89
梅姐烧烤海鲜·手工水饺,4分140条评论 莲湖区劳动路118号人均￥43
老上海蛋糕,4.7分491条评论 高陵区泾环南路杨官寨综合市场内北排人均￥10
大家烤羊庄（大雁塔店）,4.5分407条评论 雁塔区慈恩西路大雁塔北广场140号人均￥118
老唐红鸭脖（朱雀门店）,4.8分320条评论 碑林区朱雀大街北段7号2号楼一层1101号人均￥10
蒙古王烤羊腿（北郊店）,3.9分302条评论 莲湖区文景南路与农兴路交叉口东北角红东花园商铺人均￥56
农耕年代,4.3分281条评论 灞桥区汽车科技学院向北50米（水安路加油站北50米）人均￥44
麦啦屋西饼房（麦芝香店）,4.1分144条评论 碑林区东关南街古迹岭20号楼（东关南街室内综合市场东侧）人均￥27
曲江国际饭店餐厅,4分816条评论 雁塔区西影路46号曲江国际饭店内（与曲江路交汇处）人均￥123
云端咖啡,4.6分126条评论 高陵区南环东路维也纳森林4-114号（昭慧广场向东30米路南）人均￥28
老味道蛋糕坊,4.6分604条评论 未央区沣东新城双拥路时代华城底商（三桥地铁口南200米）人均￥70
楚湘人家,3.7分823条评论 碑林区永乐路66号（顺家快捷酒店里边。永乐大厦隔壁）人均￥49
老刘家葫芦头泡馍,4.7分612条评论 新城区自强东路向荣小区南门东50米路北人均￥21
天佑国际酒店贵宾楼,4.9分320条评论 莲湖区土门十字路口向南300米人均￥51
汤峪温馨农家乐,5分138条评论 蓝田县汤峪镇塘子村河道小区008号人均￥33
蒂奥莎烘焙（凤城九路店）,4.1分174条评论 未央区凤城九路文景小区西区南门向西80米人均￥15
重庆火辣辣鱼庄,4分199条评论 长安区滦镇沣峪口西沣路（体院沣峪口校区向南150米）人均￥76
香川人家,4.2分215条评论 长安区皂河路东新花园西排1号，壳牌加油站隔壁（青年南街十字西南角）人均￥39
微甜生活,4.8分1428条评论 灞桥区半坡地铁站半坡国际艺术区中央通道内第二家（小天鹅艺术团隔壁）人均￥55
无水猪蹄,4.3分115条评论 莲湖区西安市莲湖区大寨路1号人均￥22
蜀椒鱼妹私房小馆,4.8分670条评论 雁塔区明德路与明德东路十字往北十米路东二楼人均￥59
重庆鸡公煲（三桥店）,3.9分180条评论 未央区双拥路安置新村2-3-7号（凤凰城小区对面）人均￥29
川福小厨,4.2分78条评论 长安区郭杜街办郭杜东街86号人均￥27
袁记肉夹馍（曲江店）,3.8分908条评论 雁塔区曲江路169号中海关园b区（近曲江一中）人均￥18
米香园蛋糕,4.7分167条评论 长安区韦曲青年南街53号（南街小学向北50米）人均 -
外婆家私房火锅,4.7分66条评论 碑林区二环南路西段盛世太白4单元2404室（近红星美凯龙）人均￥69
瑞云蛋糕房,4.2分49条评论 周至县中心街与云塔街交叉口瑞云步行街南口人均￥45
顺风肥牛（雁翔路店）,4.9分12734条评论 雁塔区雁翔路中段18号（近青龙路）人均￥56
炉诱·香辣烤鱼（建设西路金萨店）,4.4分10819条评论 碑林区建设西路三二三医院对面金萨餐饮世界1楼人均￥50
盛运涮烤自助餐厅（电子正街店）,4.3分35089条评论 雁塔区电子正街与丈八东路交叉口西北角（民生百货3楼）人均￥50
同盛祥（凤城五路店）,4.7分7445条评论 未央区凤城五路26号（西安中学南门对面）人均￥33
82°C魔力焖锅（赛格国际店）,4.2分20791条评论 雁塔区长安中路123号赛格国际购物中心7楼人均￥79
飞鹿火锅,4.9分3631条评论 莲湖区西北一路3号（玉祥门里100米十字向北50米）人均￥64
一尊皇牛（文艺路店）,4.2分9138条评论 碑林区友谊路393号家春秋5楼（近文艺路）人均￥68
李想大虾（会昌路店）,4分11232条评论 临潼区会昌路和秦陵北路交叉口南行50米人均￥45
京祥铜锅涮肉,4.2分3427条评论 莲湖区劳动南路72号人均￥59
黄记煌三汁焖锅（民乐园万达店）,3.6分9264条评论 新城区解放路111号五路口东南角万达广场北区3号门5层549、550号人均￥83
鼎尚鲜火锅传奇（南长安街店）,4.3分4340条评论 长安区长安路樊家什字军人综合服务楼人均￥79
麻辣空间（咖啡街区店）,4.1分3782条评论 雁塔区光华路咖啡街区水街5号人均￥86
洪氏嗨捞·新派猪肚鸡（赛格国际店）,4.9分8548条评论 雁塔区长安中路123号赛格国际购物中心7层（长安中路与小寨东路交叉口东北角）人均￥73
好利来（万科店）,4.5分2498条评论 长安区西长安街（韦郭路、陕师大长安校区对面）人均￥38
德发长饺子（钟楼店）,4分11386条评论 莲湖区西大街3号同盛祥隔壁人均￥89
渔歌·活鱼现烤（龙首盛龙店）,4.1分11354条评论 未央区未央路盛龙广场龙首购物中心步行街三楼东区人均￥54
国花君为善餐饮,4.1分7135条评论 新城区北大街85号中图国际大厦4层人均￥49
巷子火锅,4.1分12494条评论 雁塔区长安中路金莎国际广场4楼人均￥88
同鑫楼炝锅鱼（西寨店）,4.1分5867条评论 长安区南长安街鑫园小区门面房人均￥40
锦里火锅（红旗店）,4.4分3130条评论 未央区渭滨路62号乐派广场4楼人均￥68
大队长主题火锅（凤城八路店）,4.5分12122条评论 未央区凤城八路与文景路交叉口向西100米路北（市政府西200米）人均￥81
麻辣空间（绿地世纪城店）,4分4718条评论 高新区锦业路绿地世纪城仕嘉公寓A区绿地国际俱乐部5层人均￥89
红透天自助涮烤（韦曲店）,3.9分27958条评论 长安区韦曲北街28号人均￥34
清真叁少野涮锅烧烤（民乐园店）,4.5分826条评论 新城区东新街与尚俭路十字向南40米路东（近万达国际影城）人均￥76
竹园村（劳动南路店）,4分8302条评论 碑林区劳动南路19号人均￥82
新辣道鱼火锅（李家村店）,4分9177条评论 碑林区雁塔北路李家村万达广场3层3-17、3-18号人均￥80
CoCo都可（民乐园万达店）,4.4分7854条评论 新城区解放路111号民乐园万达广场5层人均￥9
玉海港2068香辣虾（鱼化分店）,3.1分21778条评论 雁塔区科技路西口华润万家东临二楼人均￥62
伯爵工房（大寨路店）,4.1分7148条评论 雁塔区昆明池路7号恒大城14号楼10108商铺人均￥48
李想大虾火锅花园（长百新市店）,3.8分16805条评论 长安区太阳新街长百新市生活广场3楼人均￥50
大红袍重庆老火锅（临潼店）,4.1分2792条评论 临潼区文化路中段84号（左邻右舍便利店隔壁）人均￥57
御品轩（城东客运站店）,3.9分3888条评论 灞桥区纺织城客运站候车大厅内（客运站与地铁站转换层）人均￥28
鸭掌门特色火锅（文景路店）,3.9分8696条评论 未央区经开区凤城四路与文景路交叉口西南角海璟蓝寓20304号商铺人均￥58
秦风肥牛（阳阳国际店）,4分8998条评论 雁塔区朱雀大街132号阳阳国际广场3楼（交大第一附属医院对面）人均￥81
CoCo都可（小寨赛格店）,4.3分13860条评论 雁塔区长安中路123号赛格国际购物广场负二层人均￥13
伯爵工房（明德门店）,4.1分4634条评论 雁塔区朱雀大街杨家村凯旋广场d座（南方星座d座正对面）人均￥34
赛味尔蛋糕,4.7分3418条评论 临潼区人人乐超市东侧，啤酒广场人均￥32
仟禧自助涮烤（田王店）,3.7分5764条评论 灞桥区田洪正街266号中都宝丰大楼3楼人均￥48
小浪花自助涮烤,4分10487条评论 莲湖区莲湖路与立新街交叉口东北角人均￥45
土大力烤肉名家（银泰百货店）,3.9分3465条评论 碑林区西大街48号银泰中环广场银泰百货6层人均￥57
藏式秘汁烤鱼（中贸广场店）,3.9分3939条评论 碑林区南关正街16号中贸广场餐饮楼2层人均￥61
重庆四姐火锅,4分4810条评论 长安区新华街与长兴路交叉口东南角（绿园十字北行80米）人均￥81
北京老胡同烤鸭（朱雀门店）,4分10012条评论 碑林区南广济街蕾德曼酒店二楼（五味什字向南50m路西）人均￥67
麦多馅饼,4.5分3228条评论 未央区北大学城陕西科技大学时代广场西北角1楼人均￥7
鲜上鲜文鱼庄（阳阳国际店）,3.8分2687条评论 雁塔区朱雀大街132号阳阳国际广场C座2楼（近雁塔西路）人均￥88
白鹿原猪蹄坊,4.1分5834条评论 碑林区太白北路279号西北大学综合服务楼人均￥47
王府臻品火锅（长安街店）,4.5分5360条评论 长安区西长安街55号（西北饭店斜对面）人均￥58
乡村基（长乐店）,3.9分8369条评论 新城区长乐西路180号炫彩商城2楼（康复路口）人均￥25
壮仔龙虾,4.9分2283条评论 碑林区东大街万达新天地二号楼10188人均￥60
杨翔豆皮涮牛肚（明德门店）,4.9分7423条评论 雁塔区朱雀大街南段52号（华园裙楼一楼）人均￥51
重庆地瓜老火锅,4.9分4135条评论 未央区凤城四路与民经一路十字东南角（世融嘉城商铺）人均￥66
仟禧自助涮烤（高陵店）,3.8分3187条评论 高陵区南新街与东方红东路交叉口向南50米路东人均￥37
玛喜达韩国年糕料理（民生百货店）,4.6分15955条评论 碑林区东大街骡马市1号民生百货6层人均￥42
韩味坊牛排自助（长安中央广场店）,4.3分23001条评论 长安区长安中央广场奥斯卡影城西侧3F（近西北饭店）人均￥48
汉拿山（大明宫万达广场店）,4分5138条评论 未央区太华北路369号万达广场3层人均￥82
御品轩（临潼唐宫坊店）,4.2分2873条评论 临潼区会昌路临潼中心广场华润万家一楼人均￥21
顶牛兰州牛肉拉面（金花路店）,4.8分8895条评论 新城区金花南路与咸宁路交叉口北行100米人均￥13
苏浙会馆（高新店）,3.9分895条评论 雁塔区高新一路2号国家开发银行大厦裙楼1-4层人均￥98
聚丰苑北京烤鸭（大明宫店）,3.8分3018条评论 未央区太华北路242号大明宫内（近凤城一路）人均￥55
李想大虾火锅花园（万年路店）,4分8071条评论 新城区长乐路与万年路十字向北150米路东（万年饭店北150米）人均￥46
田园牧歌饭庄,4.6分2126条评论 临潼区桃园步行街北排中段人均￥27
九锅一堂（小寨赛格店）,3.8分10410条评论 雁塔区长安中路123号赛格国际购物中心7层7026人均￥39
雅泰来中西餐（解放路店）,3.8分3871条评论 新城区解放路55号（人人乐超市向南10米）人均￥52
宽塘·蛙哥虾妹（小寨臻选店）,4分7737条评论 雁塔区小寨东路赛格购物中心七楼人均￥68
嘻范·湖南菜 剁椒鱼头（凤城五路店）,4.3分750条评论 未央区凤城五路与文景路交叉口东南角斯玛特商业广场三楼（近海璟时代，西安中学南门正对面）人均￥46
清真重庆巴爷香辣鸡煲（南小巷店）,3.8分2021条评论 莲湖区西关正街189号人均￥50
安旗蛋糕（城东旗舰店）,4分1407条评论 灞桥区城东客运站广场地铁A入口人均￥23
福泰宫,4分4003条评论 莲湖区枣园西路8号人均￥46
万和源炝锅鱼·活鱼现炝（吉祥路店）,4.4分1902条评论 雁塔区吉祥路与永松路交叉口东行50米路北人均￥53
小阿妹米线（李家村店）,4.4分4873条评论 碑林区雁塔路69号华润万家一层人均￥22
赛百味（高新店）,4分4051条评论 雁塔区科技路33号世纪金花一层（近光华路西口）人均￥26
多乐客披萨（小寨店）,4.3分1994条评论 雁塔区长安中路215号西旅国际青春巷子一层14人均￥30
味立方煎饼屋（电子正街店）,3.9分3662条评论 雁塔区电子正街88号（凯悦华庭1楼）人均￥40
福聚长饺子馆,4.5分1546条评论 未央区西咸路沣东新城启航佳苑B区门口北第一家人均￥17
赵家腊汁肉（小寨店）,4.2分3543条评论 雁塔区兴善寺西街与长安中路交叉口向西400米路南人均￥14
渝老道火锅,4.2分738条评论 高新区西沣一路8号人均￥88
吉美诺蛋糕（公园北路店）,4分2572条评论 新城区公园北路88号人均￥34
泰熙家（飞炫店）,4.3分3025条评论 雁塔区兴善寺西街小寨飞炫广场一层人均￥30
王婆大虾,4.1分4430条评论 临潼区文化路北开元小区门口人均￥44
中国重庆老版火锅（科技店）,4.1分2943条评论 雁塔区科技路与博文路交叉口东50米路南人均￥87
名羊天下陕北横山铁锅炖羊肉（博文路店）,"4.4分2724条评论 雁塔区博文路与科创路十字东南角（西电科技园西侧）,近中国平安、高新一幼人均￥62"
毅祥斋老孙家泡馍（西羊市店）,4.2分33637条评论 莲湖区回民街西羊市40号（西羊市向西100米路南）人均￥22
纳家楼·新陕菜（矿山路店）,4.3分1630条评论 未央区矿山路海璟印象城B区一层（近刘南村）人均￥40
鲜上鲜文鱼庄（高新路店）,3.7分1461条评论 雁塔区高新路80号望庭国际10106（枫林绿洲西门对面）人均￥85
城市运动公园茶餐厅,4.2分975条评论 未央区未央路168号城市运动公园综合馆二楼茶餐厅（近城市运动公园体育馆）人均￥35
伯爵工房（桃园路店）,4.1分1909条评论 莲湖区丰镐东路190号人均￥42
藏式秘汁烤鱼（西北国际茶城店）,4.5分2946条评论 新城区长乐中路242号西北国际茶城4楼人均￥61
飘香盛世小阿妹米线（紫薇龙腾店）,4.1分4246条评论 雁塔区科技路1号紫薇龙腾新世界1层人均￥24
门里香葫芦头泡馍馆,4.1分4472条评论 未央区凤城一路大明宫建材家居市场西门对面人均￥16
德圣咖啡（玉祥门店）,4.2分4587条评论 莲湖区大庆路11号1幢1单元00102室人均￥44
谷麦滋（文化东路店）,4.7分3827条评论 临潼区文化东路120号（东方开元小区1区门面房）人均￥15
马勇牛羊肉,4.9分2699条评论 碑林区大学南路边西街3号（西北大学西北工业大学）人均￥48
唐武大盘鸡,4.2分2896条评论 临潼区东大街3号眼镜烤肉隔壁人均￥29
牛一嘴·中国兰州牛肉拉面（雁南四路店）,4.7分8077条评论 雁塔区雁南四路与庙坡头路交叉口北行50米路东人均￥17
泰熙家（中贸店）,4.2分1836条评论 碑林区南关正街16号中贸广场F1层人均￥29
七十二行·巴蜀锦筵餐饮,4.4分2796条评论 雁塔区二环南路东段与翠华路交叉口长安大学对面（近翠华路）人均￥67
清真·马骥家泡馍,3.9分5233条评论 雁塔区朱雀大街252号（小寨西路与子午路交叉口向北200米路西）人均￥38
Mr pig·借蹄发挥（万和城店）,4.7分2374条评论 新城区长缨西路万和城负二层4F-239号人均￥16
飘香盛世小阿妹米线（建工路人人乐店）,4.3分2867条评论 新城区公园南路人人乐超市内人均￥22
张氏宽窄巷成都名小吃（中贸店）,3.7分2023条评论 碑林区中贸广场步行街B区2层B-2-4号人均￥27
饮长安（东仪路店）,4分2732条评论 雁塔区丈八东路8号人均￥39
蜀江烤鱼（大明宫万达广场店）,4.1分9858条评论 未央区太华北路369号万达广场步行街3071-3072号人均￥75
小阿妹米线（公园南路北口店）,3.9分6275条评论 新城区公园南路北口海方商城一层人均￥22
凌云餐厅,4.8分437条评论 高陵区西韩街223号人均￥25
刘小厨·陕西菜（科技二路店）,4.7分5100条评论 雁塔区科技二路文理学院隔壁（沙井村南口斜对面）人均￥46
顺峰（唐延路店）,4.2分1224条评论 雁塔区唐延路唐延鑫苑66号楼（在唐延鑫店隔壁）人均￥158
New Day cake新一天烘焙工作室,4.8分1002条评论 雁塔区高新路88号尚品国际C座南504人均￥64
刘大饼香辣土豆片夹馍（鱼化店）,4.1分4081条评论 雁塔区鱼斗路外事学院南校区北门东9人均￥9
顺峰（南二环店）,4.5分1684条评论 雁塔区南二环东段22号（近东二环）人均￥159
帝都天元酒店（餐饮部）,4.2分606条评论 灞桥区田洪正街2598号人均￥61
玉涮坊老北京涮肉·羊蝎子（建工路总店）,4.5分3222条评论 新城区建工路19号新城科技产业园内华企大厦一层人均￥52
家阖百岁鱼（浐灞半岛店）,4.3分2688条评论 未央区浐灞生态区浐灞半岛a15区门面房10202（浐灞大道与灞柳西路交叉口西侧）人均￥50
彼岸咖啡,4.7分321条评论 高陵区泾河工业园区长庆西路天正花园小区门面（北门西侧）人均￥34
宽窄巷成都名小吃（龙湖星悦荟购物中心店）,3.8分3213条评论 莲湖区大兴东路2号龙湖西安大兴星悦荟3楼人均￥29
啃啃cake for you,4.4分1579条评论 雁塔区太白南路西万路口金泰假日花城底商8-10120（玛雅房屋隔壁）人均￥129
禾绿回转寿司（民乐园店）,3.4分1209条评论 新城区解放路万达广场5楼559号人均￥84
华美烘焙,4.3分1435条评论 雁塔区小寨路街道吉祥村吉祥商业街B-06号（西安美院西侧）人均￥63
彤德莱（立新街店）,4.9分3130条评论 莲湖区愉景华庭1022号（莲湖路与立新街交叉口、擎天桌球会所隔壁）人均￥53
牛一嘴·中国兰州牛肉拉面（凤城九路店）,3.8分7578条评论 未央区文景路与凤城九路交叉口魏玛公馆南门人均￥15
德泰楼陕菜馆,4.5分2276条评论 莲湖区莲湖路中段107号（近红湖街站）教育宾馆2楼人均￥44
美好时光凯斯乐蛋糕店,4.9分1693条评论 碑林区围墙巷2号（中贸广场北侧20米）人均￥42
清真超香米线,4.5分1294条评论 莲湖区东举院巷北口96号人均￥18
川人百味（李家村万达店）,3.7分6725条评论 碑林区雁塔路北段8号李家村万达广场3F人均￥40
站亭（小寨赛格店）,3.6分2542条评论 雁塔区长安中路123号赛格国际购物中心B2层3009人均￥21
金彤川菜（西稍门店）,3.9分1573条评论 莲湖区西关正街58号（海底捞向西200米）人均￥42
泰熙家（龙湖星悦荟店）,3.9分1491条评论 莲湖区大兴东路2号龙湖西安大兴星悦荟负一层人均￥29
大厨小馆（绿地店）,3.9分790条评论 雁塔区锦业路10130-A号（绿地世纪城饕界）人均￥46
和記丸子専買,4.5分3103条评论 雁塔区兴善寺东街新海港城负一层3号通道旁（超市这一层）人均￥10
巨炉烤吧（科技路店）,4.3分3054条评论 雁塔区科技路徐家庄南口（原杨翔豆皮涮牛肚）人均￥55
梨园宫剧院餐厅,4.3分834条评论 莲湖区大兴东路63号（小白杨公交站下车即到）人均￥72
西羊市老米家泡馍（环城南路店）,3.9分5903条评论 碑林区环城南路中段96号（阳光丽都旁）人均￥40
糊涂记（文景店）,4.3分2358条评论 未央区西安市文景路白桦林居东门西安银行三楼糊涂记人均￥30
旺顺阁鱼头泡饼（财富中心店）,4.1分737条评论 雁塔区南二环西段财富中心C座2层人均￥104
鲜红家美食餐厅,4.3分2421条评论 长安区樱花一路雅居乐外商铺30-105人均￥29
楼兰古丽新疆菜（文景路汉神店）,4.5分3278条评论 未央区凤城八路与文景路交口西南角汉神购物广场南馆4层（西安市政府斜对面）人均￥48
大厨小馆（世家星城店）,4分1022条评论 雁塔区丈八东路8A商铺人均￥47
蓉李记成都名小吃（李家村万达店）,3.8分2717条评论 碑林区李家村万达广场3楼人均￥29
SOMA蛋糕,4.5分825条评论 灞桥区鹿塬街南段60号白鹿花园东门北人均￥55
刘大饼香辣土豆片夹馍（长安店）,3.7分2783条评论 长安区航天城南长安街客运公司对面人均￥6
上野日本料理（南新街店）,4.1分1771条评论 新城区南新街10号人均￥59
韩记饺子馆,4.2分3001条评论 未央区凤城一路东段大明宫建材家居城北门对面人均￥15
德克士（临潼2店）,4分2948条评论 临潼区临潼生力广场一楼人均￥24
天宇菲尔德花园餐厅,4分2216条评论 长安区神舟三路239号天宇菲尔德酒店一层人均￥129
巷子里市井火锅,4.4分812条评论 未央区未央路塞高国际C座1楼（必胜客后面）人均￥49
面根面,3.9分3478条评论 碑林区太乙路立交西北角曼城国际商业街中心楼一楼（近太乙路立交）人均￥26
太平洋咖啡（大唐西市店）,4.1分1102条评论 莲湖区劳动南路118号西市城购物中心第1层3F1205（近西市广场雕塑）人均￥42
北京老铺烤鸭（高新店）,3.8分2161条评论 雁塔区团结南路与科技路交汇处北200米路东人均￥68
迈德思客（车站店）,3.9分3773条评论 灞桥区东城大道与柳虹路交叉口东50米路南人均￥16
迈德思客•汉堡•烤全鸡（临潼店）,4.4分1797条评论 临潼区吊庄路与陕鼓大道交叉口南50米人均￥19
天悦烤鸭精品家常菜（长乐店）,4分2800条评论 新城区长乐中路126号沣华国际酒店1-3层人均￥49
胖子牛羊肉（边西街店）,4.9分2122条评论 碑林区边西街89号（陕建公司家属院对面）人均￥80
天方食府,4.1分1199条评论 长安区书香路商业街B栋2层K区（陕师大长安校区）人均￥37
上岛咖啡（紫郡长安店）,3.8分2741条评论 雁塔区朱雀大街南段紫郡长安F2号楼二层人均￥76
清真胖小李火锅（民乐园店）,4.6分3519条评论 新城区东新街3号楼1单元1号人均￥40
华清爱琴海地中海餐厅,4分475条评论 临潼区陕鼓大道8号人均￥196
上海人家（含光路店）,4.3分1618条评论 碑林区含光路北段汉庭酒店南行30米人均￥86
金桥酒店（西北二路店）,4.7分727条评论 莲湖区西北二路一号人均￥47
SPRCOFFEE（李家村店）,4.1分1130条评论 碑林区雁塔北路52号（李家村万达广场北侧煤研宾馆一层）人均￥30
海市阁餐厅,4.2分305条评论 未央区浐灞大道1366号人均￥35
大厨小馆（友谊路店）,3.6分555条评论 碑林区友谊路黄雁村十字东南角华豪丽晶2楼人均￥44
岐风烙面皮,4.3分3043条评论 碑林区东木头市19号（骡马市南口往东100米路北）人均￥18
vkcake（曲江门店）,3.4分1399条评论 雁塔区曲江华著中城35栋人均 -
私房菜煎饼天府酸菜鱼,4分1743条评论 高陵区泾渭四路如家酒店南行50米路东人均￥28
等一个人咖啡馆,4.7分324条评论 碑林区鼓楼对面竹笆市银泰百货地下停车场往西50米人均￥26
压壹锅（龙湖星悦荟购物中心店）,3.9分1292条评论 雁塔区新开门北路888号龙湖星悦荟购物中心中厅3层人均￥44
秦巴源民间陕菜（龙湖星悦荟购物中心店）,4.5分2427条评论 莲湖区大兴东路2号与星火路十字向西100米龙湖星悦荟购物中心3楼（红庙坡）人均￥39
中国兰州牛肉拉面（大寨路店）,4.9分414条评论 莲湖区大寨路1号8幢1单元10101室（大寨路华府新桃园南门）人均￥15
福茂源陕北铁锅羊肉·烧烤（高新路店）,4.1分2099条评论 雁塔区高新路与科技四路十字东南角（枫林绿洲小区北门西侧A9公馆商业二层）人均￥82
七里香蒸饺（都市印象店）,3.6分6377条评论 雁塔区西辛庄800路站牌处都市印象门面10-1001（丈八北路唐兴路十字东北角）人均￥24
大城小鸡黄焖鸡排骨米饭（铁塔寺北街店）,3.6分194条评论 莲湖区铁塔寺北街2-14号人均￥15
迈德思客（郭杜店）,3.8分1953条评论 长安区郭杜东街润家购物广场对面人均￥15
芙利来·网红轻奢蛋糕（石家街店）,4.1分1514条评论 新城区东元西路8号（石家街站彩云郡小区东临加油站斜对面）人均￥36
鸭掌门特色火锅（长安店）,3.7分4359条评论 长安区韦曲西街十字向南50米路西（长安酒厂南）人均￥57
DQ（解放万达店）,4.4分1603条评论 新城区解放路111号五路口东南角万达广场南区5层535人均￥31
巴黎圣曼蛋糕（东城大道店）,4.7分438条评论 灞桥区东城大道兴阎小区底商3号铺人均￥50
赵家腊汁肉（高新总店）,4.1分2055条评论 雁塔区科技路与高新四路十字向北200米路西（新西蓝二期楼下）人均￥15
春发芽葫芦头,3.7分1938条评论 雁塔区吉祥路129号太白小区十字东北角蛐蛐火锅旁边人均￥34
大益膳房（纺织城店）,4.3分754条评论 灞桥区鹿塬街中段388号（灞桥分局南行200米）人均￥94
小哥过桥米线（海港城店）,4分1030条评论 雁塔区长安中路169号旺角广场秋云小吃城3楼人均￥15
纳家楼·新陕菜（玄武路店）,4.3分1578条评论 未央区玄武路西口尚品雅苑1楼（惠仁医院附近）人均￥40
猫堂小站猫咪主题馆,4.9分2341条评论 雁塔区小寨十字东南角华旗国际A座16层1631室人均￥29
胡杨林餐厅,4.1分1313条评论 高新区光华路72号（近高新路，导航医院旁）人均￥48
侏罗纪原生态咖啡,4.3分951条评论 新城区解放路民乐园万达广场1号门与2号门之间中央通道内人均￥32
华元饭庄（柳巷店）,4.8分1161条评论 灞桥区华清东路82号（近灞桥火车站，东城大道与柳亭路路口北侧）人均￥30
九成香木桶鱼老火锅（科技路店）,3.9分2497条评论 雁塔区科技路与丈八北路十字东北角（华润万家超市西门3楼）人均￥68
古城一品私房开锅羊肉,4.4分467条评论 雁塔区朱雀大街南段紫郡长安C6号楼一单元102（华夏银行旁东门）人均￥48
紫燕百味鸡（丈八北路店）,4.3分4278条评论 雁塔区丈八北路709号7栋1单元10112室人均￥19
秦皖嫩江鱼,4分442条评论 新城区大明宫遗址区含元路394号人均￥42
腾云铁板烧,4.9分283条评论 未央区未央路和凤城一路交叉口雅荷花园A36栋楼2单元（工商局对面西边30米）人均￥92
海江河文鱼火锅,4.7分1247条评论 未央区东二环与矿山路交叉口向东800米路南（煤矿机械厂对面）人均￥81
THREE叄壹烘焙,4.5分1610条评论 莲湖区大兴东路龙湖MOCO国际1-1-11708室人均￥40
久沐·贵妃醉酒,4.4分2251条评论 碑林区竹笆市中段115号人均￥45
果果家的鱼（东仪路店）,3.8分3130条评论 雁塔区东仪路3号东怡宾馆1楼（邻近南大明宫石油大学）人均￥59
佰味蜀釜火锅,4.3分1084条评论 未央区未央路138号中登大厦A座2楼（未央路与凤城三路十字向北100米路西）人均￥80
大益膳房（晶海高新店）,4.4分1013条评论 莲湖区南二环西段393号捷瑞公园首府1-3楼人均￥132
面辣子·陕西家乡菜（西大街店）,4.4分1738条评论 莲湖区西大街358号唐人街商业步行街B2栋3层30690号（西大街桥梓口十字西南角世纪金花隔壁）人均￥55
老马家泡馍,4.1分2070条评论 未央区徐家湾渭滨路康乐医院向南50米（工商银行斜对面）人均￥28
北京羲和雅苑烤鸭坊（王府井店）,4分1539条评论 碑林区南关正街王府井百货六层人均￥102
老陈家烩菜（东新街总店）,3.9分549条评论 新城区东新街138号（尚勤路尚俭路间）人均￥29
德意西饼屋,3.9分4759条评论 临潼区南大街与北大街十字路口附近人均￥21
hellokitty不是猫蛋糕,5分431条评论 临潼区芷阳新苑东区2号楼1单元9楼人均￥40
老关中葫芦头泡馍,4.3分1692条评论 新城区南新街恒星大厦一楼人均￥20
名京九味（锦程苑店）,3.6分877条评论 未央区未央路110号（名京-九合院北底商）人均￥29
重庆鸡公煲,4.6分505条评论 临潼区吊庄路美隆宾馆楼下人均￥24
百姓厨房（友谊东路店）,3.8分963条评论 碑林区友谊东路8号（交大南门斜对面）人均￥52
品啡客,4.5分506条评论 雁塔区科技路西口都市印象18栋0111室（肯德基后门20米）人均￥25
云蒙过桥米线（蓝天路店）,4.1分704条评论 阎良区蓝天路锦绣名苑门面房人均￥14
恬时间,4.3分374条评论 未央区未央路印象城5幢2407人均￥44
巷子火锅,3.9分1125条评论 长安区北长安街与凤栖路交叉口（韦区灯具厂十字向南200米路东茗景城小区）人均￥44
香利来蛋糕（环城北路店）,4.5分896条评论 临潼区环城北路11号人均 -
小俩口汉中鱼庄.串串香（纬二街店）,4.4分1331条评论 雁塔区雁塔西路161号世纪经典A座一层西侧人均￥62
Sevilla cake塞维利亚蛋糕（高新三路店）,4.3分287条评论 雁塔区高新三路财富中心二期C座1508室人均￥91
苏浙会馆（大庆路店）,4.2分570条评论 莲湖区大庆路136号（土门工人文化宫隔壁）人均￥78
大雄家,4.4分601条评论 灞桥区思源商业街114号人均￥17
码头故事（响塘店）,4.4分2855条评论 雁塔区团结南路与德兴巷交叉口响塘广场C座3层人均￥68
上岛咖啡（小寨店）,4.3分1401条评论 雁塔区雁塔西路161号德朗商务酒店二楼（世纪经典）人均￥48
米多多烘焙屋,3.9分945条评论 雁塔区长安路177号海港城1楼人均￥38
关中小厨坊（大明宫万达店）,3.7分2023条评论 未央区太华北路369号万达广场3层人均￥47
旺客基黄焖鸡米饭（南窑头店）,4.7分2002条评论 雁塔区科技四路南窑头社区东区34排5号（通信管理局对面）人均￥15
辣条印象,4.7分1355条评论 长安区韦曲北街与长兴北路交叉口向南70米路东（汉庭酒店对面）人均￥10
和记糖水店（钟楼店）,4.1分655条评论 碑林区西大街东口丽晶酒店一楼（靠近五环工厂体育店）人均￥15
咪咪川菜（太乙路店）,4.9分835条评论 碑林区太乙路南段甲字1号（太乙路与友谊东路交口）人均￥51
拾贰号集装湘,4.1分820条评论 新城区长乐中路西北国际茶城4楼4-25号人均￥40
祥和虾馆,4.6分474条评论 阎良区大良路3号人均￥41
赵家腊汁肉（胡家庙店）,4.2分3334条评论 新城区东二环路与长缨西路交叉口东行100米路北人均￥17
大自在火锅（金莎国际店）,4分5402条评论 雁塔区长安中路65号金莎国际购物广场4层人均￥89
麦德房（端履门店）,3.9分517条评论 碑林区端履门路北卧龙大厦1楼（西安高级中学西侧）人均￥19
山城小厨（华旗国际广场店）,4分5349条评论 雁塔区长安中路97号华旗国际广场负一层A18商铺（魏家凉皮对面）人均￥22
真功夫（西安新世界店）,4分3228条评论 莲湖区北大街88号宏府嘉会广场新世界百货负2楼人均￥25
丹荔轩酒店,4.1分528条评论 雁塔区高新区高新三路2号海佳云顶3楼人均￥57
西安调调有家手擀面（万科生活广场店）,3.5分764条评论 长安区西长安街919号万科生活广场A座2层人均￥25
西安烤鸭店（369烤鸭王店）,4.1分1879条评论 碑林区兴庆路中段25号（兴庆公园东门正对面）人均￥68
唐安餐饮（唐安酒店）,4.3分537条评论 未央区文景路89号唐安酒店3层人均￥52
全口福大盆骨大碗面,4.3分207条评论 高陵区泾渭北路中段90号（店子王村）人均￥31
秦唐一号西安菜馆,4.1分2304条评论 碑林区东木头市176号秦唐一号酒店1-2楼人均￥49
川魏道老灶火锅（三桥店）,4.5分3169条评论 未央区三桥地铁口向南100米金桥国际3F（三桥工商银行）人均￥55
彭福记我家菜馆（白沙路店）,4分487条评论 高新区光华路与白沙路十字的西南角（西安市第五十三中学隔壁）人均￥46
艺华蛋糕,4.4分369条评论 莲湖区大庆路690号人均￥15
陕味葫芦头,3.8分622条评论 未央区西咸路三桥启航时代广场商业步行街北口正对面人均￥18
尚老幺跳水鱼,4.1分705条评论 莲湖区团结东路35号（劳动公园南门西侧50米路北）人均￥55
御品皇三汁焖锅（户县店）,3.3分1051条评论 鄠邑区大十字旁停车场西峰商贸二楼（近德克士）人均￥61
石锅鱼小竹签烤肉（建工路店）,4分452条评论 雁塔区建工路12号西3号行知幼儿园旁人均￥44
四季荟,4.7分2535条评论 碑林区长安北路14号（省体育场南侧近美术博物馆、近南二环）人均￥197
私房菜煎饼屋,4.1分470条评论 高陵区鹿歌路与东二环路十字向西10米路南人均￥30
咖啡陪你caffebene（交大东南门店）,3.9分481条评论 碑林区兴庆南路西安交通大学东南门（近中国工商银行）人均￥33
老潼关肉夹馍,4分248条评论 雁塔区唐兴路与高新六路交叉口东辛庄小区24排7号人均￥13
华创假日酒店·润德私房菜,4.2分606条评论 莲湖区沣惠南路与大寨路交口西北角（牡丹苑西侧）人均￥45
英伦御品（科大店）,3.4分1559条评论 未央区太华北路科技大学时代广场1楼（美尚造型旁边）人均￥18
牛尚锅串串香,4.1分2406条评论 长安区韦曲北街安景苑小区门面房人均￥58
新疆风味餐厅·原安东街26年老店,3.5分569条评论 碑林区建东街东口和经九路丁字路口西南角（乐居场A4区206号）人均￥54
巧手厨娘（广安路店）,4.3分2501条评论 未央区广安路中段玛格波罗酒店一楼（中铁七局对面）人均￥39
强氏喜阿婆粥饼店（东仪路店）,3.5分947条评论 雁塔区东仪路北段（西安市第46中学南50米）人均￥37
阿Q虾尾（菊花园总店）,3.7分816条评论 碑林区东厅门23号人均￥50
双城乡铁锅炖羊肉（莱安逸境店）,4.3分394条评论 雁塔区唐延北路1号莱安逸境2F层人均￥86
膳当家黄焖鸡米饭（西安工业大学店）,4.6分2137条评论 未央区太华路西安工业大学东门苏席商业中心1楼1025号人均￥17
云尚咖啡茶语,3.9分505条评论 雁塔区朱雀大街19号南方星座D座二层人均￥57
同興福牛羊肉泡馍,4.5分669条评论 碑林区朱雀大街67号（交通银行对面）人均￥24
牛祥天下·中國蘭州牛肉拉麵泡馍（小寨店）,3.8分1477条评论 雁塔区兴善寺东街天佑医院隔壁（近安琪医院）人均￥17
金牌铜锅,4.4分199条评论 未央区凤城南路与文景路交叉口东北角人均￥30
生日饼屋,4.5分464条评论 蓝田县三十米路建设银行斜对面（自来水公司对面）人均￥15
有酸有辣,3.7分944条评论 雁塔区吉祥路吉祥小学2楼（比格比萨，吉祥小学）人均￥37
恒河印度餐厅,4.3分353条评论 雁塔区大雁塔南广场东南角3幢1单元10104室（蓝色莲花酒吧海底捞）人均￥57
黑面蔡（西市城购物中心店）,4.6分6295条评论 莲湖区劳动南路1号西市城购物中心3楼6F3107人均￥9
辣动时代自助小火锅（桃园路店）,4.2分672条评论 莲湖区桃园路街道桃园路附5号中国工商银行南50米（桃园路派出所）人均￥26
君富莱大酒店,4.1分945条评论 未央区北二环与文景路十字西南角（紧邻城北客运站）人均￥59
新概念文景酒楼,4.1分631条评论 未央区文景北路10号（文景路与凤城一路十字）西北角人均￥54
千花寿司（灞业大境店）,4.4分197条评论 灞桥区灞业大境西区商业街茶罢楼内人均￥38
歌思泊咖啡,4.4分1236条评论 碑林区长安北路118号中贸广场B区B-1-14室人均￥29
聚宾楼,4分1481条评论 雁塔区沣惠南路18号西格玛大厦人均￥60
东关吉祥腊汁肉夹馍（北关店）,3.8分2440条评论 新城区自强东路华茂商厦B座1层人均￥11
老城印象餐厅,4.3分1110条评论 莲湖区龙首南路1-7号（龙首村十字南100米路东向里50米）人均￥35
陈二毛肥牛火锅（东郊店）,4.1分934条评论 灞桥区半坡路155号（半坡博物馆对面）人均￥68
安旗西点,3.7分402条评论 周至县中心东街文体中心对面人均 -
李先生（西安火车站店）,4.5分1598条评论 新城区解放路181号人均￥22
大海子西府民俗村（高新店）,4.1分775条评论 雁塔区科技路1号紫薇龙腾新世界2楼人均￥45
京顺福涮锅,3.9分970条评论 碑林区东大街东二道巷招商银行旁（近阿房宫维景国际大酒店）人均￥46
嘉华鱼火锅,4.1分737条评论 长安区北长安街224号（嘉华商务酒店旁）人均￥35
孔乙己小馆（王府井百货店）,3.6分490条评论 碑林区南关正街88号西安王府井百货六层人均￥82
黄食福（唐都店）,4.6分957条评论 灞桥区新寺路唐都医院向西50米（恒泰宾馆一楼）人均￥41
晋味轩（万兴广场店）,4.4分1009条评论 灞桥区纺正街万兴广场三楼262号人均￥46
7石咕噜鱼 纸包鱼（郭杜东街店）,3.8分480条评论 长安区长安县郭杜镇郭杜东街樱花西苑1-106（郭杜医院，郭杜街办斜对面）人均￥62
蒂芙妮蛋糕,4.4分140条评论 未央区南玉丰村啤酒广场旁边人均 -
雲盖茶（汉神购物广场店）,4.4分3725条评论 未央区凤城八路与文景路交叉口西南角汉神购物广场5层人均￥17
国人川菜（高新店）,3.9分338条评论 高新区高新路南段86号领先时代广场A座3楼（近旺座现代城）人均￥48
秦州锅贴馆（建国路店）,4.7分563条评论 碑林区东十道巷9号东侧人均￥19
鸭掌门特色火锅（周至店）,3.3分995条评论 周至县农商街城隍庙向西20米路南人均￥31
怡香秦豆皮涮牛肚（立丰国际店）,3.7分4935条评论 碑林区东二环路立丰国际6楼人均￥50
康美澄城水盆羊肉,3.8分401条评论 灞桥区浐灞大道浐灞半岛A15-17号底商10101号（浐灞商务中心）人均￥24
川渝人家（时尚店）,4.3分500条评论 雁塔区电子正街118号（汉唐足浴南行20米）人均￥49
七婆串串香火锅（李家堡店）,4.4分259条评论 灞桥区米秦北路李家堡商业街万家和购物广场西门楼（原酒十路店）人均￥37
花旗蛋糕,4.7分164条评论 高陵区西安文卫路98号（高陵县人民医院斜对面）人均 -
川味轩（八府庄店）,3.9分727条评论 新城区东元西路八府庄小区门面房（元丰怡家小区对面）人均￥25
西岸人文咖啡馆,4.6分230条评论 蓝田县蓝新路南段宏辉城市坐标商业楼二楼人均￥36
国力仁和川菜（李家村店）,4分1697条评论 碑林区李家村万达广场北侧煤研大厦二楼人均￥51
康利来烘焙,4.1分633条评论 高陵区东方红东路与西韩街交叉口西160米路南人均￥27
紫鑫阁饭庄（长安店）,4.1分387条评论 长安区广场西路19号人均￥81
花之林人文茶馆私房菜（凤城八路店）,4.7分1219条评论 未央区凤城八路与文景路十字交叉口向西200米人均￥57
鸿福川菜鱼,4分144条评论 长安区潏河路广天苑小区南大门以东向西排列第八户门面房人均￥30
青都里·司厨（大唐通易坊店）,4.1分1096条评论 雁塔区西安曲江新区雁塔西路大唐通易坊2号人均￥131
70年代土灶台餐厅（阎良旗舰店）,4.2分220条评论 阎良区前进西路飞天厨具北50米人均￥40
新元海鲜粥城（西稍门店）,4.5分1109条评论 莲湖区劳动南路老机场锦园路东口人均￥62
李想大虾火锅花园,4.5分2770条评论 阎良区大良路东段航苑小区17区东门对面（蜀味轩串串香隔壁）人均￥48
逸果（万和城购物中心店）,4.3分1615条评论 新城区胡家庙十字西北角长缨西路1号万和城购物中心6楼（胡家庙万和城六楼逸果饮品店）人均￥10
老北京涮锅,4.3分191条评论 莲湖区东举院巷13号（贡院门小学向北10米）人均￥50
天朗森柏大酒店,3.7分474条评论 雁塔区丈八北路380号（科技路与丈八北路十字西南角）人均￥86
喵cafe·猫咪咖啡（含光店）,4.6分133条评论 莲湖区冰窖巷20号（冰窖火锅东30m对面）人均￥27
新鲜空间蛋糕,4.5分593条评论 雁塔区科技二路甘家寨新村东3排29号楼3单元人均￥60
宗江小阁宴贵宾楼（贵宾楼）,3.8分80条评论 新城区咸宁中路313号付1号人均￥58
DAIYA黛雅原装进口蛋糕（高新店）,5分1440条评论 雁塔区高新路16号临街商铺202室（丽华科技大厦旁边）人均￥129
荒岛咖啡厅,4.9分327条评论 碑林区雁塔北路李家村万达广场一栋一单元822室（地铁A口）人均￥28
青都里日本料理（东二环店）,4.1分1528条评论 碑林区东二环南段1号粤好海皇酒店5楼（东二环南段路西）人均￥104
美蛙耗儿鱼天天小厨（长乐公园店）,4.7分230条评论 碑林区金花北路39号景观路就掌灯三佰幅商业街1F107号人均￥58
味道私语（红旗小区店）,3.9分455条评论 阎良区研飞巷红旗小区红旗酒楼1楼人均￥30
味品轩西饼屋（西北大学店）,4.6分333条评论 碑林区友谊西路与太白北路十字东北角人均￥50
韶山村湖南土菜馆,3.8分213条评论 长安区长兴北路与韦曲北街交叉口西行110米路北人均￥27
赵记腊汁肉店（凤华路店）,4.5分2997条评论 未央区凤华路中段文景观园底商人均￥15
民俗百家姓饭店,3.8分642条评论 灞桥区纺二路与纺织城正街交叉口东北角人均￥43
丽都名人食府,4分1439条评论 雁塔区科技路西口向北200米（丽都商务酒店1楼）人均￥52
名典咖啡语茶（长安店）,3.7分593条评论 长安区西长安街钼都大厦裙楼2-3层（近西长安街）人均￥56
壹家韩品（中贸广场店）,4.4分1051条评论 碑林区中贸广场15号楼1层人均￥28
大秦老碗搅团（大秦店）,4.9分364条评论 未央区天台路大秦七十二坊东排1-2号人均￥53
清真华宇开锅羊肉,4.8分569条评论 未央区凤城五路与明光路十字西南角刘家村社区A楼2F人均￥67
澄吉轩澄城老孙水盆羊肉（光华路店）,4.4分823条评论 雁塔区光华路东段（太白南路光华路十字东100米）人均￥25
迈德思客（子午镇店）,3.8分579条评论 长安区子午北街子午万家超市门口人均￥17
锅总裁傻得冒·冒菜,4.1分1814条评论 灞桥区纺织正街与纺六路十字西北角人均￥25
重庆鸡公煲（盛世商都店）,4.3分271条评论 长安区西北政法大学西门对面盛世商都负一层（面向中国航天504研究所）人均￥31
三味渔府（红庙坡店）,4.6分494条评论 莲湖区星火路14号海纳汉唐御府小区商铺四楼（老城根向南100米路西）人均￥84
迈德思客（思源学院店）,4.2分94条评论 灞桥区敏行路思源学院综合楼1楼（篮球场西侧）人均￥14
真爱骊山之大秦小宴,4.4分854条评论 临潼区凤凰大道15号（近西安至临潼高速临潼出口）人均￥115
玖味香煎饼屋（交大店）,4.2分459条评论 碑林区友谊东路8号（交大南门向东200米路南）人均￥35
百代鸡（北大街秋林店）,4.3分1045条评论 新城区新北大街167号西安秋林宏业商厦1层人均￥22
澄城水盆羊肉,3.8分733条评论 雁塔区含光路南段美院向北100米路西（近罗家寨村）人均￥25
鮮芋仙（新世界百货店）,4.2分797条评论 莲湖区北大街1号（近地铁2号线钟楼站A口出口）人均￥28
大自在火锅（三桥店）,4.4分1138条评论 未央区三桥和平村十字西南角伯乐城市广场6层人均￥82
70年代土灶台,3.9分334条评论 临潼区万年路与体育路十字交汇处东北角人均￥30
骊山十三花民俗餐厅,4.5分206条评论 临潼区108国道骊山新家园广场窑洞群人均￥61
米旗（科技路西口店）,3.7分589条评论 雁塔区科技路西口华润万家对面（近肯德基）人均￥22
田味记秘制花甲,4.9分916条评论 碑林区振兴路爱菊厨房旁人均￥20
辣人张传奇菌香大盘鸡大盆骨（建章路总店）,4.4分1180条评论 未央区三桥建章路民航学院向北200米路西北双凤村对面人均￥25
阿庆驴肉馆,4.3分96条评论 未央区凤城四路东段雅荷四季城北门CS10103号人均￥63
LJ重庆鸡公煲,4.3分392条评论 长安区西安电子科技大学长安校区北门人均￥25
千福聚北京果木烤鸭（三桥店）,4.2分1157条评论 未央区三桥安置新村6排1栋3号（三桥地铁站B口西行500米）人均￥17
绿梦（金花路理工大店）,4.2分3918条评论 新城区东二环路西安理工大学东门斜对面人均￥20
客满堂石锅鱼,3.9分1091条评论 临潼区东三岔秦陵北路维也纳国际酒店旁人均￥30
花之林人文茶馆私房菜（高新店）,4.4分1093条评论 雁塔区庄严巷高新路86号人均￥54
老跳跳水鱼· 馋嘴蛙,3.6分3046条评论 莲湖区老机场巷丰庆苑小区斜对面人均￥83
麟州香铁锅炖羊肉•地道陕北菜,3.9分90条评论 雁塔区北池头一路曲江海洋世界北100米（中国银行旁）人均￥95
子午路张记（立丰国际店）,4.3分1535条评论 碑林区金花南路58号立丰国际6楼人均￥20
星宇轩酒楼,4.2分73条评论 未央区凤华路文景观园16号原丽轩大酒店门店（近明光路）人均￥30
龙城韩式烧烤,4.9分1221条评论 雁塔区电子一路98号（石油大学后街）人均￥59
红堡REDFORT（大唐西市总店）,4.9分254条评论 莲湖区劳动南路大唐西市118号丝绸之路风情街红堡印度区（中影国际影城楼下，英伦时光咖啡，杏记甜品）人均￥63
澳门德兴海鲜火锅（华融店）,3.9分598条评论 碑林区南二环西段21号华融国际商务大厦四层人均￥112
子午路张记·米饭铺子（边家村店）,3.9分1117条评论 碑林区太白路188号人均￥15
知一咖啡馆（南大学城店）,4.3分225条评论 长安区西长安街919号万科生活广场B座1层人均￥44
小木屋蛋糕坊,4.4分131条评论 长安区幸驾坡村281号（近西京小北门）人均 -
君泽邑茶庄,4.2分181条评论 雁塔区太白南路与电子二路西口十字天桥对面（西安文理学院东门）人均￥50
（火）叁宝烤肉（含光路店）,4.3分255条评论 碑林区友谊西路与含光路十字北50米路西强氏喜阿婆隔壁人均￥49
辣动时代自助小火锅（工农路店）,3.9分430条评论 莲湖区工农路3号（工农路小学向南10米）人均￥31
方欣红霓·欧华堂中餐厅,4.6分323条评论 莲湖区大兴东路88号人均￥59
懒小萌三汁养生焖锅,4.8分2542条评论 莲湖区丰禾路鑫苑大都汇商场四楼人均￥63
宗江大酒楼,4.1分127条评论 雁塔区电子四路二〇五所社区对面人均￥60
百代鸡（新东尚店）,3.9分856条评论 新城区韩森路新东尚西区4号楼1层人均￥20
马记擀面皮,4.9分437条评论 雁塔区长安南路外国语院门口人均￥6
陈府汉中菜（铁通商务店）,4.7分1067条评论 雁塔区南二环西段98号铁通商务酒店2楼（太白立交旁）人均￥56
迈德思客（余下店）,3.5分332条评论 鄠邑区中心南街61号秦丰棉织厂南20米人均￥16
唐筵酒肆,4.3分128条评论 雁塔区唐延路25号银河产业科技园1楼（近科技三路）人均￥67
吉美诺手感烘焙,4.4分638条评论 新城区幸福北路11号门面人均￥38
祥丰饺子馆,4.4分457条评论 未央区浐灞大道A15区18号楼10201商铺人均￥17
斯威特蛋糕,5分984条评论 阎良区文化东路与公园街交叉口向西50米路南人均￥20
川渝人家（木子园店）,4.3分263条评论 新城区建工路中段9号人均￥49
蘑菇爱上饭（科技四路店）,4.1分129条评论 雁塔区科技四路南窑头西区69排4号人均￥18
毛师傅新疆椒麻鸡（大唐西市店）,4.9分112条评论 莲湖区大唐西市西市北路加油站对面老机场便民市场内人均￥35
大鼓米线（西安万和城DM店）,4分1863条评论 新城区长樱东路与金花路交叉口（华东万和城五层）人均￥30
艾米DIY蛋糕店,4.9分256条评论 莲湖区永新路15号新都花园3号楼一单元9楼E户（近龙首村）人均￥58
四云奶盖贡茶（凯德广场店）,4.6分2683条评论 雁塔区南二环朱雀路转盘西南凯德广场负1层（近凯德广场西门，Tata）人均￥14
兰蒂雪（李家村店）,4.5分144条评论 碑林区雁塔路中段13号（建筑科技大学内自强大道）人均￥9
宽塘·蛙哥虾妹（万和城店）,4.2分1723条评论 新城区长缨西路胡家庙十字华东万和城5楼人均￥67
广信猪骨煲·猪肚鸡（万和城购物中心店）,4.9分1280条评论 新城区胡家庙十字西北角长缨西路1号万和城购物中心4楼北头人均￥66
桑娅军农家乐,5分32条评论 长安区上王村古镇东三街115号人均￥40
雷师傅大灶台,4.7分95条评论 灞桥区新筑街道十字路口向西50米（新合税务所对面）人均￥38
乡党臊子面（丰庆公园店）,4.9分3817条评论 莲湖区桃园南路丰庆公园东北角（丰庆宫酒店院内）人均￥30
核桃树餐厅（春秋舍设计师酒店）,4.9分135条评论 灞桥区纺西路238号半坡国际艺术区内春秋舍设计师酒店一层（近半坡地铁站）人均￥50
鹿港小镇（赛格国际店）,3.5分2587条评论 雁塔区长安路123号赛格国际购物中心7楼人均￥73
福亭日式拉面,4.9分226条评论 碑林区李家村万达一栋二单元29层2904室（近小憩驿站酒店）人均￥28
海升酒店国食天香中餐厅,4.9分389条评论 雁塔区高新区沣惠南路34号（近西安工业科技学院）人均￥95
晋运胡子大盘鸡拌面,4.2分209条评论 灞桥区弘知路与敏行路交叉口向南38米人均￥20
盛夏光年蛋糕理想国,5分472条评论 鄠邑区人民路冠沣国际北门口人均￥9
众家灯火煎饼·家常菜（省体育场店）,4.4分1830条评论 碑林区长安北路省体育场东门北侧体育用品广场二层人均￥34
辣呦（南二环店）,4.6分1736条评论 碑林区南二环路246号人均￥49
伯爵工房（响塘路店）,4.9分1159条评论 雁塔区科技路与丈八北路十字东北角（华润万家超市西门1203）人均￥43
怡景小厨,4.6分670条评论 莲湖区怡景花园酒店7楼人均￥42
红天下地摊鱼火锅·黄食福（咸宁东路店）,4.3分313条评论 灞桥区咸宁东路429号（近揽月楼）人均￥46
富森中国菜,4.1分252条评论 碑林区东大街菊花园9号富森城市酒店1楼（东大街西安饭庄、中国银行路口）人均￥44
渔歌·活鱼现烤（西市城购物中心店）,4.1分5936条评论 莲湖区劳动南路1号西市城购物中心3楼人均￥49
金三顺紫菜包饭（万和城店）,4.1分1938条评论 新城区长缨西路万和城负二层4F-230人均￥19
思香特西点屋,4.5分363条评论 高陵区东方红路110号外贸商城对面（宏博小区隔壁）人均￥30
鑫和炝锅鱼（大寨路店）,3.8分2139条评论 雁塔区大寨路与丈八北路交叉口东南角新乐城商铺二楼人均￥43
重庆四座火锅,4分460条评论 新城区兴庆北路219号4幢3层20301号人均￥79
永阳坊艺术餐厅,4.8分168条评论 雁塔区太白南路与丈八东路交叉口西北角高山流水·和城6幢人均￥80
小阿妹米线（南门店）,4.6分1882条评论 碑林区仁义路宏信国际花园西门旁人均￥20
草根擀面（高新六路北口店）,4.7分2880条评论 雁塔区科技路米罗蓝山西南角（靠近进家门）人均￥16
鸿瑞餐厅,4.3分99条评论 雁塔区唐延路与丈八东路交叉口东北角山西省妇女儿童活动中心院内人均￥65
雕刻时光咖啡馆（师大路店）,4.6分267条评论 雁塔区雁塔路师大路41号（二楼西侧）人均￥45
那家土灶（二分店）,4.7分126条评论 长安区210国道沣峪口紫薇山庄斜对面人均￥71
清真·老义烤肉（明德门店）,4分490条评论 雁塔区明德西路10号新天地小区前排人均￥36
外婆印象（交大店）,4.3分1951条评论 碑林区兴庆路159号常春藤花园商业街E–1–1（常春藤花园南区北门口）人均￥40
吉米屋,4.6分184条评论 灞桥区狄寨街道思源商业街人均￥30
小滇锅过桥米线（西市城购物中心店）,4.3分3161条评论 莲湖区劳动南路1号西市城购物中心B1楼人均￥24
ZOO COFFEE（曼蒂广场店）,3.9分306条评论 雁塔区雁南一路9号曼蒂广场2层（大唐不夜城新乐汇民生百货东侧）人均￥35
荷花餐饮,4.1分1830条评论 莲湖区含光门里甜水井街101号（甜水井十字东南角）人均￥40
姥家大锅台,4.6分272条评论 雁塔区天坛西路丁字路口向南150（秦湘宴旁）人均￥53
香八度西饼店（现代学院店）,4.5分269条评论 长安区西北大学现代学院内（大学生超市隔壁）人均￥19
外婆印象（含光店）,4.4分1911条评论 碑林区含光北路23号九锦台北区3楼人均￥48
清真大城小味旋转火锅,4.7分2430条评论 莲湖区西大街大学习巷37号（石家包子旁边）人均￥31
九点咖啡（咸宁西路店）,4.9分125条评论 碑林区咸宁西路29号咸宁国际广场1单元1901（兴庆宫公园南门向西500米路北尊良口腔旁）人均￥25
锦记老铜锅（玉祥门店）,4.9分1338条评论 莲湖区西北一路136号（广仁寺对面）人均￥67
火狼大盘鸡,4.8分1582条评论 莲湖区丰登路与团结东路丁字口向东50米路南人均￥33
萤初炉端烧（高新四路店）,4.6分233条评论 雁塔区高新四路中段朗臣大厦1楼长安银行内人均￥122
白记重庆鸡公煲麻辣香锅,4分113条评论 长安区陕西师范大学书香广场一楼人均￥25
赛拉维（太白印象城店）,4.4分681条评论 碑林区太白北路太白印象城一楼人均￥32
塞纳河法国餐厅（唐延路店）,4.5分905条评论 雁塔区唐延路北段59号唐延鑫苑3号楼1幢人均￥254
蜀石文化火锅店,4.5分882条评论 阎良区迎宾北路北段路西（华盛宫酒店隔壁）人均￥63
静品轩蛋糕,4.2分104条评论 长安区滦镇东街综合市场中国移动旁（田园牧歌KTV斜对面）人均 -
万德福蛋糕,4.4分92条评论 高陵区泾渭路杨官寨菜市场后第三条街店门路东人均￥15
玲珑雪蒸饺,4.4分878条评论 临潼区东关街52号（东关街与人民东路交叉口南行100米）人均￥40
中国重庆老版火锅（建西店）,4.1分2860条评论 碑林区建西街138号人均￥76
旺客基黄焖鸡米饭（西大街店）,4分378条评论 莲湖区西安市莲湖区夏家十字小区柴家十字商业用房10号楼10120号人均￥17
大家烤羊庄（长安店）,4.5分81条评论 长安区滦镇上王村东五街（近环山路沣峪口转盘往东1.5公里）人均￥111
粥王府,4.1分3841条评论 莲湖区西关正街83号（西门外西行100米路北）人均￥47
皇品聚葫芦头,4.7分445条评论 雁塔区东仪路202号四十六中北隔壁人均￥30
香辣土豆片夹馍,4.9分2208条评论 莲湖区龙首北路龙首原十字东南角人人乐超市负一层潮尚美食广场内人均￥6
威尔佳酒店秦粤轩餐厅,4.9分160条评论 未央区朱宏路888号（鸵鸟王大厦向北50米路东）人均￥42
上座火锅（曲江店）,4.4分338条评论 雁塔区芙蓉南路芙蓉新天地3号楼4层（大唐芙蓉园南门对面）人均￥96
瑞成名仕酒店（丈八东路旗舰店）,4.5分53条评论 雁塔区丈八东路与东仪路十字西南角（近521医院）人均￥161
京御煌三汁焖锅（赛格国际店）,4.5分11743条评论 雁塔区长安中路123号赛格国际购物中心7层（与小寨东路交叉口东北角）人均￥72
外婆印象（西五路店）,4.3分489条评论 新城区西五路81号（省老干部活动中心一楼）人均￥43
回坊人家（自强西路店）,4.4分331条评论 莲湖区自强西路359号回坊人家（自强西路）人均￥29
Mercado Gran Cafe梅卡尔多咖啡厅（盛美利亚酒店）,4.1分216条评论 雁塔区曲江新区曲江池西路1666号，盛美利亚酒店1楼（大唐芙蓉园南门）人均￥197
年代陕北,4.1分283条评论 雁塔区芙蓉西路90号（大唐芙蓉园西门南对面）人均￥54
秦八百里陕菜（龙湖星悦荟购物中心店）,3.9分423条评论 雁塔区新开门北路888号龙湖星悦荟购物中心3层人均￥33
奈九居酒屋（高新总店）,4分663条评论 雁塔区科技路50号金桥国际广场1层（星巴克，东东包）人均￥105
旺客基黄焖鸡米饭（西大街店）,4分378条评论 莲湖区西安市莲湖区夏家十字小区柴家十字商业用房10号楼10120号人均￥17
大家烤羊庄（长安店）,4.5分81条评论 长安区滦镇上王村东五街（近环山路沣峪口转盘往东1.5公里）人均￥111
粥王府,4.1分3841条评论 莲湖区西关正街83号（西门外西行100米路北）人均￥47
皇品聚葫芦头,4.7分445条评论 雁塔区东仪路202号四十六中北隔壁人均￥30
香辣土豆片夹馍,4.9分2208条评论 莲湖区龙首北路龙首原十字东南角人人乐超市负一层潮尚美食广场内人均￥6
威尔佳酒店秦粤轩餐厅,4.9分160条评论 未央区朱宏路888号（鸵鸟王大厦向北50米路东）人均￥42
上座火锅（曲江店）,4.4分338条评论 雁塔区芙蓉南路芙蓉新天地3号楼4层（大唐芙蓉园南门对面）人均￥96
瑞成名仕酒店（丈八东路旗舰店）,4.5分53条评论 雁塔区丈八东路与东仪路十字西南角（近521医院）人均￥161
京御煌三汁焖锅（赛格国际店）,4.5分11743条评论 雁塔区长安中路123号赛格国际购物中心7层（与小寨东路交叉口东北角）人均￥72
外婆印象（西五路店）,4.3分489条评论 新城区西五路81号（省老干部活动中心一楼）人均￥43
回坊人家（自强西路店）,4.4分331条评论 莲湖区自强西路359号回坊人家（自强西路）人均￥29
Mercado Gran Cafe梅卡尔多咖啡厅（盛美利亚酒店）,4.1分216条评论 雁塔区曲江新区曲江池西路1666号，盛美利亚酒店1楼（大唐芙蓉园南门）人均￥197
年代陕北,4.1分283条评论 雁塔区芙蓉西路90号（大唐芙蓉园西门南对面）人均￥54
秦八百里陕菜（龙湖星悦荟购物中心店）,3.9分423条评论 雁塔区新开门北路888号龙湖星悦荟购物中心3层人均￥33
奈九居酒屋（高新总店）,4分663条评论 雁塔区科技路50号金桥国际广场1层（星巴克，东东包）人均￥105